1.807806266120346030e+06,1.396332287868923508e+06,1.350000000000000000e+01,8.199999999999999289e+00,1.000000000000000000e+00,0.000000000000000000e+00
1.764329070275036851e+06,1.377564348688407801e+06,1.500000000000000000e+01,7.000000000000000000e+00,-3.000000000000000000e+00,0.000000000000000000e+00
1.773335855092094745e+06,1.378408856388694607e+06,1.600000000000000000e+01,6.799999999999999822e+00,-2.500000000000000000e+00,0.000000000000000000e+00
1.809362994360332843e+06,1.362546186692935415e+06,1.450000000000000000e+01,7.700000000000000178e+00,-1.000000000000000000e+00,0.000000000000000000e+00
1.841498313028605888e+06,1.311615319831246510e+06,1.309999999999999964e+01,8.800000000000000711e+00,1.899999999999999911e+00,0.000000000000000000e+00
1.826598199874458602e+06,1.404799946979011409e+06,1.350000000000000000e+01,8.900000000000000355e+00,2.000000000000000000e+00,0.000000000000000000e+00
1.831379579468698939e+06,1.335613959374531172e+06,1.269999999999999929e+01,7.200000000000000178e+00,2.200000000000000178e+00,0.000000000000000000e+00
1.810363748228895012e+06,1.377564348688407801e+06,1.469999999999999929e+01,7.700000000000000178e+00,-2.600000000000000089e+00,0.000000000000000000e+00
1.858399933919875883e+06,1.367436821192783304e+06,1.400000000000000000e+01,8.599999999999999645e+00,2.000000000000000000e+00,0.000000000000000000e+00
1.831268384594413685e+06,1.289188304761338979e+06,1.559999999999999964e+01,9.599999999999999645e+00,5.200000000000000178e+00,0.000000000000000000e+00
1.843722210514298873e+06,1.343516440341380425e+06,1.400000000000000000e+01,8.099999999999999645e+00,-1.000000000000000000e+00,0.000000000000000000e+00
1.829600461480143480e+06,1.388380417941799387e+06,1.450000000000000000e+01,8.300000000000000711e+00,1.000000000000000000e+00,0.000000000000000000e+00
1.876079918931140797e+06,1.369292628163366579e+06,1.290000000000000036e+01,7.799999999999999822e+00,2.000000000000000000e+00,0.000000000000000000e+00
1.876079918931140797e+06,1.369292628163366579e+06,1.269999999999999929e+01,7.599999999999999645e+00,2.100000000000000089e+00,0.000000000000000000e+00
1.885309093496769201e+06,1.370811318157304078e+06,1.369999999999999929e+01,8.699999999999999289e+00,4.099999999999999645e+00,0.000000000000000000e+00
1.820704871537369210e+06,1.347722885915443301e+06,1.400000000000000000e+01,7.099999999999999645e+00,-1.500000000000000000e+00,0.000000000000000000e+00
1.787902383623387897e+06,1.302403061191038229e+06,1.440000000000000036e+01,9.500000000000000000e+00,5.099999999999999645e+00,0.000000000000000000e+00
1.856398426182751544e+06,1.315806006453727372e+06,1.490000000000000036e+01,8.300000000000000711e+00,0.000000000000000000e+00,0.000000000000000000e+00
1.854174528697058326e+06,1.308431776771162637e+06,1.340000000000000036e+01,8.900000000000000355e+00,3.399999999999999911e+00,0.000000000000000000e+00
1.834604230822954327e+06,1.329398023987188004e+06,1.330000000000000071e+01,8.099999999999999645e+00,1.800000000000000044e+00,0.000000000000000000e+00
1.842943846394305583e+06,1.347722885915443301e+06,1.440000000000000036e+01,7.799999999999999822e+00,-5.000000000000000000e-01,0.000000000000000000e+00
1.830378825600136770e+06,1.296211321936639026e+06,1.400000000000000000e+01,9.199999999999999289e+00,3.500000000000000000e+00,0.000000000000000000e+00
1.761326808669350343e+06,1.466872881643367000e+06,1.369999999999999929e+01,8.099999999999999645e+00,4.000000000000000000e+00,0.000000000000000000e+00
1.637566913590500131e+06,1.570265151085196994e+06,1.440000000000000036e+01,6.299999999999999822e+00,-5.000000000000000000e+00,0.000000000000000000e+00
1.646240113784705522e+06,1.578218488627905026e+06,1.600000000000000000e+01,7.900000000000000355e+00,1.500000000000000000e+00,0.000000000000000000e+00
1.618330200339250034e+06,1.636370385703668930e+06,1.200000000000000000e+01,7.799999999999999822e+00,1.500000000000000000e+00,0.000000000000000000e+00
1.703171889418460894e+06,1.487723160335040651e+06,1.400000000000000000e+01,8.300000000000000711e+00,2.500000000000000000e+00,0.000000000000000000e+00
1.679042601698685205e+06,1.529752034793152474e+06,1.350000000000000000e+01,7.400000000000000355e+00,-1.100000000000000089e+00,0.000000000000000000e+00
1.673594052858736599e+06,1.590855724315947853e+06,1.440000000000000036e+01,8.500000000000000000e+00,-1.500000000000000000e+00,0.000000000000000000e+00
1.668034309144502971e+06,1.537666785922885872e+06,1.350000000000000000e+01,7.599999999999999645e+00,5.000000000000000000e-01,0.000000000000000000e+00
1.664253683418823173e+06,1.524422408712544478e+06,1.600000000000000000e+01,6.900000000000000355e+00,-3.000000000000000000e+00,0.000000000000000000e+00
1.800133819794702809e+06,1.442839739227267914e+06,1.319999999999999929e+01,8.300000000000000711e+00,4.500000000000000000e+00,0.000000000000000000e+00
1.557506604105529841e+06,1.657475246954160742e+06,1.250000000000000000e+01,8.300000000000000711e+00,2.399999999999999911e+00,0.000000000000000000e+00
1.645350554790427210e+06,1.595707987078587525e+06,1.300000000000000000e+01,7.400000000000000355e+00,5.000000000000000000e-01,0.000000000000000000e+00
1.722186212921142112e+06,1.467384972637140192e+06,1.350000000000000000e+01,6.599999999999999645e+00,-4.000000000000000000e+00,0.000000000000000000e+00
1.690829258372862358e+06,1.487552045546372421e+06,1.400000000000000000e+01,7.500000000000000000e+00,-1.000000000000000000e+00,0.000000000000000000e+00
1.600539020453701494e+06,1.505538208564542234e+06,1.200000000000000000e+01,5.799999999999999822e+00,-1.500000000000000000e+00,0.000000000000000000e+00
1.793573322211907012e+06,1.416499280700738542e+06,1.490000000000000036e+01,7.400000000000000355e+00,-2.899999999999999911e+00,0.000000000000000000e+00
1.404724846838376950e+06,1.697214769052194431e+06,1.490000000000000036e+01,6.700000000000000178e+00,-2.899999999999999911e+00,0.000000000000000000e+00
1.735307208086733939e+06,1.464654181450434960e+06,1.480000000000000071e+01,7.299999999999999822e+00,-1.600000000000000089e+00,0.000000000000000000e+00
1.710510751121250214e+06,1.474386681935982779e+06,1.450000000000000000e+01,7.400000000000000355e+00,-1.000000000000000000e+00,0.000000000000000000e+00
1.634119872487674467e+06,1.581332735411487520e+06,1.500000000000000000e+01,7.000000000000000000e+00,-2.500000000000000000e+00,0.000000000000000000e+00
1.730748218241062248e+06,1.490290301474802196e+06,1.419999999999999929e+01,8.599999999999999645e+00,4.500000000000000000e+00,0.000000000000000000e+00
1.800356209543273319e+06,1.442839739227267914e+06,1.300000000000000000e+01,8.300000000000000711e+00,3.500000000000000000e+00,0.000000000000000000e+00
1.669924622007342055e+06,1.464654181450434960e+06,1.800000000000000000e+01,7.200000000000000178e+00,-5.000000000000000000e+00,0.000000000000000000e+00
1.643905021424727282e+06,1.371148841806438752e+06,1.500000000000000000e+01,9.500000000000000000e+00,4.500000000000000000e+00,0.000000000000000000e+00
1.496349423248953884e+06,1.472507601215161383e+06,1.350000000000000000e+01,8.900000000000000355e+00,2.000000000000000000e+00,0.000000000000000000e+00
1.496349423248953884e+06,1.472507601215161383e+06,1.400000000000000000e+01,8.699999999999999289e+00,2.299999999999999822e+00,0.000000000000000000e+00
1.550612521899878280e+06,1.540421502956689335e+06,1.600000000000000000e+01,7.500000000000000000e+00,-3.000000000000000000e+00,0.000000000000000000e+00
1.565290245305456687e+06,1.426176201579906046e+06,1.400000000000000000e+01,9.000000000000000000e+00,4.000000000000000000e+00,0.000000000000000000e+00
1.706285345898432657e+06,1.383477673155700788e+06,1.600000000000000000e+01,8.500000000000000000e+00,-1.500000000000000000e+00,0.000000000000000000e+00
1.488121002551887650e+06,1.509654762516302988e+06,1.300000000000000000e+01,9.099999999999999645e+00,4.000000000000000000e+00,0.000000000000000000e+00
1.657137211464604363e+06,1.360523301091118716e+06,1.400000000000000000e+01,9.000000000000000000e+00,1.000000000000000000e+00,0.000000000000000000e+00
1.695499443092819070e+06,1.441648392196886241e+06,1.450000000000000000e+01,7.900000000000000355e+00,-2.000000000000000000e+00,0.000000000000000000e+00
1.394939697901325533e+06,1.645608035208335146e+06,1.500000000000000000e+01,8.599999999999999645e+00,0.000000000000000000e+00,0.000000000000000000e+00
1.372923112792957807e+06,1.671458531786733307e+06,1.200000000000000000e+01,7.400000000000000355e+00,0.000000000000000000e+00,0.000000000000000000e+00
1.330669060564781073e+06,1.655205197568441741e+06,1.600000000000000000e+01,9.500000000000000000e+00,3.500000000000000000e+00,0.000000000000000000e+00
1.676040340092998696e+06,1.461241940557273105e+06,1.419999999999999929e+01,7.000000000000000000e+00,-3.399999999999999911e+00,0.000000000000000000e+00
1.233373545565685024e+06,1.721819636006521992e+06,1.200000000000000000e+01,8.400000000000000355e+00,5.299999999999999822e+00,0.000000000000000000e+00
1.341010183873255271e+06,1.597961787359740585e+06,1.390000000000000036e+01,9.000000000000000000e+00,4.900000000000000355e+00,0.000000000000000000e+00
1.484006792203355348e+06,1.566809547784350812e+06,1.400000000000000000e+01,7.799999999999999822e+00,-2.000000000000000000e+00,0.000000000000000000e+00
1.581969476448159665e+06,1.421251467957393266e+06,1.480000000000000071e+01,8.500000000000000000e+00,-5.000000000000000000e-01,0.000000000000000000e+00
1.609323415522190509e+06,1.398025140791625716e+06,1.500000000000000000e+01,8.699999999999999289e+00,-1.500000000000000000e+00,0.000000000000000000e+00
1.470107432917770231e+06,1.587737908425678499e+06,1.650000000000000000e+01,8.199999999999999289e+00,0.000000000000000000e+00,0.000000000000000000e+00
1.830156435851567890e+06,1.473020036051816307e+06,1.300000000000000000e+01,8.400000000000000355e+00,3.500000000000000000e+00,0.000000000000000000e+00
1.788791942617666442e+06,1.487038722138458863e+06,1.350000000000000000e+01,8.400000000000000355e+00,3.000000000000000000e+00,0.000000000000000000e+00
1.857065595428459579e+06,1.490461472180269659e+06,1.409999999999999964e+01,8.900000000000000355e+00,4.900000000000000355e+00,0.000000000000000000e+00
1.835160205194378737e+06,1.496968551645721309e+06,1.459999999999999964e+01,8.199999999999999289e+00,2.100000000000000089e+00,0.000000000000000000e+00
1.723520551412558183e+06,1.549897786612767726e+06,1.259999999999999964e+01,7.099999999999999645e+00,-3.100000000000000089e+00,0.000000000000000000e+00
1.723854136035412317e+06,1.550070182392227463e+06,1.230000000000000071e+01,6.799999999999999822e+00,-2.600000000000000089e+00,0.000000000000000000e+00
1.810808527726032538e+06,1.485327871098944917e+06,1.419999999999999929e+01,7.400000000000000355e+00,-1.600000000000000089e+00,0.000000000000000000e+00
1.872410488079746254e+06,1.541110324335237965e+06,1.600000000000000000e+01,7.099999999999999645e+00,-2.200000000000000178e+00,0.000000000000000000e+00
9.989747505735766608e+05,1.920467141445725225e+06,1.200000000000000000e+01,8.199999999999999289e+00,3.500000000000000000e+00,0.000000000000000000e+00
8.037165513296765275e+05,2.173286728400369175e+06,1.390000000000000036e+01,8.199999999999999289e+00,2.100000000000000089e+00,0.000000000000000000e+00
7.719148172842576168e+05,2.350022967493214644e+06,1.100000000000000000e+01,6.299999999999999822e+00,-2.000000000000000111e-01,0.000000000000000000e+00
7.719148172842576168e+05,2.350022967493214644e+06,1.090000000000000036e+01,6.099999999999999645e+00,-2.000000000000000111e-01,0.000000000000000000e+00
8.709894502719074953e+05,2.301634564092446119e+06,1.290000000000000036e+01,5.599999999999999645e+00,-3.200000000000000178e+00,0.000000000000000000e+00
9.272540566599562299e+05,2.331771180925154127e+06,1.109999999999999964e+01,6.599999999999999645e+00,-1.100000000000000089e+00,0.000000000000000000e+00
9.103524357686861185e+05,2.161754979012030177e+06,1.250000000000000000e+01,6.500000000000000000e+00,-1.000000000000000000e+00,0.000000000000000000e+00
9.103524357686861185e+05,2.161011569348026067e+06,1.230000000000000071e+01,6.599999999999999645e+00,-5.000000000000000000e-01,0.000000000000000000e+00
9.102412408944009803e+05,2.161754979012030177e+06,1.230000000000000071e+01,6.599999999999999645e+00,-5.999999999999999778e-01,0.000000000000000000e+00
1.349460994318890385e+06,1.860810166514476761e+06,1.400000000000000000e+01,7.700000000000000178e+00,2.000000000000000000e+00,0.000000000000000000e+00
1.316880896153477952e+06,1.965500174723376520e+06,1.409999999999999964e+01,5.500000000000000000e+00,-3.899999999999999911e+00,0.000000000000000000e+00
1.490456094911866123e+06,2.002400803187363781e+06,1.450000000000000000e+01,4.700000000000000178e+00,-3.500000000000000000e+00,0.000000000000000000e+00
1.276072377291001147e+06,2.048995077728858218e+06,1.300000000000000000e+01,7.200000000000000178e+00,2.000000000000000000e+00,0.000000000000000000e+00
1.041006413053184631e+06,2.206300464440948330e+06,1.250000000000000000e+01,7.700000000000000178e+00,2.000000000000000000e+00,0.000000000000000000e+00
1.040895218178899377e+06,2.206300464440948330e+06,1.109999999999999964e+01,7.400000000000000355e+00,2.000000000000000000e+00,0.000000000000000000e+00
1.393160579912770074e+06,1.965862904636821710e+06,1.100000000000000000e+01,5.799999999999999822e+00,2.999999999999999889e-01,0.000000000000000000e+00
9.338145542427521432e+05,2.120230607645304874e+06,1.280000000000000071e+01,7.599999999999999645e+00,2.200000000000000178e+00,0.000000000000000000e+00
1.321884665496290429e+06,1.965500174723376520e+06,1.450000000000000000e+01,7.000000000000000000e+00,2.000000000000000000e+00,0.000000000000000000e+00
1.352685645673147170e+06,1.797145664040395059e+06,1.300000000000000000e+01,7.299999999999999822e+00,1.000000000000000000e+00,0.000000000000000000e+00
1.033222771853257669e+06,2.410019952037247829e+06,1.000000000000000000e+01,5.799999999999999822e+00,5.000000000000000000e-01,0.000000000000000000e+00
1.034334720596103463e+06,2.412130115945160389e+06,1.019999999999999929e+01,5.799999999999999822e+00,5.000000000000000000e-01,0.000000000000000000e+00
1.375258205152936280e+06,1.742791839257277548e+06,1.250000000000000000e+01,8.900000000000000355e+00,4.599999999999999645e+00,0.000000000000000000e+00
1.071807393230043119e+06,2.334240295966585167e+06,1.209999999999999964e+01,6.799999999999999822e+00,1.199999999999999956e+00,0.000000000000000000e+00
1.289082177582307719e+06,1.980930607524857856e+06,1.300000000000000000e+01,7.200000000000000178e+00,2.000000000000000000e+00,0.000000000000000000e+00
1.340676599250401137e+06,2.219394764971258119e+06,1.650000000000000000e+01,1.699999999999999956e+00,-5.000000000000000000e+00,0.000000000000000000e+00
1.263840941119687865e+06,2.311856702214509249e+06,7.000000000000000000e+00,1.399999999999999911e+00,-5.000000000000000000e+00,0.000000000000000000e+00
1.255946105045472505e+06,2.303526551555412821e+06,1.050000000000000000e+01,2.200000000000000178e+00,-9.000000000000000000e+00,0.000000000000000000e+00
1.044231064407440019e+06,2.357830949711628258e+06,1.130000000000000071e+01,6.900000000000000355e+00,8.000000000000000444e-01,0.000000000000000000e+00
1.062467023790129460e+06,2.355925847340881824e+06,1.190000000000000036e+01,5.500000000000000000e+00,-2.600000000000000089e+00,0.000000000000000000e+00
1.113616665961080464e+06,2.676743485561991110e+06,9.400000000000000355e+00,8.000000000000000444e-01,-1.150000000000000000e+01,0.000000000000000000e+00
1.264841694988248404e+06,2.397179416188404895e+06,1.100000000000000000e+01,1.399999999999999911e+00,-1.050000000000000000e+01,0.000000000000000000e+00
1.270067854079628130e+06,2.390862710290938616e+06,8.300000000000000711e+00,2.999999999999999889e-01,-8.000000000000000000e+00,0.000000000000000000e+00
1.014097253476292826e+06,2.357640418657043949e+06,1.200000000000000000e+01,7.200000000000000178e+00,1.500000000000000000e+00,0.000000000000000000e+00
1.258503587154022884e+06,2.309962711905631237e+06,1.050000000000000000e+01,2.100000000000000089e+00,-7.000000000000000000e+00,0.000000000000000000e+00
1.525927259808679810e+06,2.339370938504406251e+06,8.500000000000000000e+00,-5.599999999999999645e+00,-1.800000000000000000e+01,4.000000000000000000e+00
1.482450063963368768e+06,2.376907469502518885e+06,9.500000000000000000e+00,-1.899999999999999911e+00,-1.600000000000000000e+01,4.000000000000000000e+00
1.219807770902952412e+06,2.539406547055670992e+06,1.050000000000000000e+01,-6.999999999999999556e-01,-1.350000000000000000e+01,0.000000000000000000e+00
1.425184703706757864e+06,2.459277588964328170e+06,8.400000000000000355e+00,-2.700000000000000178e+00,-1.700000000000000000e+01,4.000000000000000000e+00
1.425184703706757864e+06,2.459277588964328170e+06,1.009999999999999964e+01,-2.399999999999999911e+00,-1.739999999999999858e+01,4.000000000000000000e+00
1.424517534461051458e+06,2.459084570070019923e+06,8.900000000000000355e+00,-2.700000000000000178e+00,-1.730000000000000071e+01,4.000000000000000000e+00
1.426519042198174167e+06,2.549359000893123448e+06,8.000000000000000000e+00,-3.100000000000000089e+00,-1.450000000000000000e+01,4.000000000000000000e+00
1.557061824608390685e+06,2.258620008710842580e+06,8.500000000000000000e+00,-4.799999999999999822e+00,-1.900000000000000000e+01,4.000000000000000000e+00
1.557061824608390685e+06,2.258620008710842580e+06,6.799999999999999822e+00,-4.200000000000000178e+00,-1.880000000000000071e+01,4.000000000000000000e+00
1.919890699399305740e+06,1.631668374958311208e+06,1.480000000000000071e+01,4.500000000000000000e+00,-3.600000000000000089e+00,0.000000000000000000e+00
1.763995485652182717e+06,1.952633818105246872e+06,1.109999999999999964e+01,-3.200000000000000178e+00,-2.130000000000000071e+01,4.000000000000000000e+00
1.734306454218171770e+06,1.873531314895930700e+06,1.290000000000000036e+01,1.000000000000000000e+00,-1.469999999999999929e+01,0.000000000000000000e+00
2.055437251152331475e+06,2.127444750667325221e+06,8.000000000000000000e+00,-2.000000000000000000e+00,-1.600000000000000000e+01,4.000000000000000000e+00
1.561287229831208009e+06,2.374424895279212855e+06,7.400000000000000355e+00,-4.599999999999999645e+00,-1.939999999999999858e+01,4.000000000000000000e+00
2.146061073694346473e+06,2.226324793577788398e+06,9.000000000000000000e+00,-8.000000000000000444e-01,-1.450000000000000000e+01,0.000000000000000000e+00
1.747316254509479972e+06,2.388184434809699655e+06,7.500000000000000000e+00,-4.500000000000000000e+00,-2.100000000000000000e+01,4.000000000000000000e+00
1.747316254509479972e+06,2.388184434809699655e+06,7.599999999999999645e+00,-3.899999999999999911e+00,-2.100000000000000000e+01,4.000000000000000000e+00
1.923782519999269396e+06,2.213406113506410271e+06,8.500000000000000000e+00,-2.999999999999999889e-01,-1.250000000000000000e+01,0.000000000000000000e+00
2.072227677169318078e+06,1.997847248256251216e+06,1.250000000000000000e+01,-9.000000000000000222e-01,-1.250000000000000000e+01,0.000000000000000000e+00
1.959920854141791118e+06,2.000943385129460134e+06,1.100000000000000000e+01,-2.000000000000000111e-01,-1.000000000000000000e+01,0.000000000000000000e+00
1.969706003078842303e+06,2.028496830284874886e+06,9.000000000000000000e+00,-9.000000000000000222e-01,-1.400000000000000000e+01,0.000000000000000000e+00
1.926117612359247636e+06,2.279720649357523769e+06,7.299999999999999822e+00,-3.000000000000000000e+00,-1.689999999999999858e+01,4.000000000000000000e+00
1.926784781604955904e+06,2.280663959334181622e+06,7.200000000000000178e+00,-3.000000000000000000e+00,-1.719999999999999929e+01,4.000000000000000000e+00
1.916110073673625942e+06,2.278966082604659721e+06,1.400000000000000000e+01,-1.399999999999999911e+00,-1.500000000000000000e+01,0.000000000000000000e+00
1.944798351239073323e+06,2.119491064484043978e+06,1.230000000000000071e+01,-1.000000000000000056e-01,-1.219999999999999929e+01,0.000000000000000000e+00
1.945243130736212479e+06,2.119675943844657391e+06,9.800000000000000711e+00,-1.699999999999999956e+00,-1.300000000000000000e+01,0.000000000000000000e+00
2.036422927649650257e+06,1.965318815884569660e+06,1.100000000000000000e+01,-1.100000000000000089e+00,-1.700000000000000000e+01,4.000000000000000000e+00
1.995503213912888197e+06,1.965137461124056950e+06,9.599999999999999645e+00,-6.999999999999999556e-01,-1.480000000000000071e+01,0.000000000000000000e+00
1.777227675692059798e+06,2.307879848845494911e+06,9.000000000000000000e+00,-3.100000000000000089e+00,-1.650000000000000000e+01,4.000000000000000000e+00
2.083458359472070588e+06,1.864212466295600869e+06,1.150000000000000000e+01,6.999999999999999556e-01,-1.150000000000000000e+01,0.000000000000000000e+00
1.961477582381776068e+06,1.411580193380516954e+06,1.540000000000000036e+01,8.199999999999999289e+00,-1.399999999999999911e+00,0.000000000000000000e+00
2.028194506952584255e+06,1.448628682637678459e+06,1.600000000000000000e+01,8.599999999999999645e+00,-5.999999999999999778e-01,0.000000000000000000e+00
2.028194506952584255e+06,1.448628682637678459e+06,1.600000000000000000e+01,8.900000000000000355e+00,-5.000000000000000000e-01,0.000000000000000000e+00
1.895316632182390895e+06,1.600909988055820577e+06,1.280000000000000071e+01,3.700000000000000178e+00,-5.000000000000000000e+00,0.000000000000000000e+00
1.897429334793798858e+06,1.596228040545358323e+06,1.159999999999999964e+01,3.100000000000000089e+00,-3.899999999999999911e+00,0.000000000000000000e+00
1.899430842530923197e+06,1.454592053962706588e+06,1.400000000000000000e+01,8.300000000000000711e+00,4.500000000000000000e+00,0.000000000000000000e+00
1.877970231793979881e+06,1.603512211433625780e+06,1.240000000000000036e+01,3.299999999999999822e+00,-4.700000000000000178e+00,0.000000000000000000e+00
2.034421419912527548e+06,1.420911937180300243e+06,1.650000000000000000e+01,6.599999999999999645e+00,-1.500000000000000000e+00,0.000000000000000000e+00
1.890090473091011168e+06,1.428724607198515907e+06,1.480000000000000071e+01,7.299999999999999822e+00,-3.899999999999999911e+00,0.000000000000000000e+00
1.879971739531104220e+06,1.409206487562231719e+06,1.400000000000000000e+01,7.900000000000000355e+00,1.500000000000000000e+00,0.000000000000000000e+00
1.940239361393401632e+06,1.431953694582052529e+06,1.500000000000000000e+01,8.099999999999999645e+00,-1.000000000000000000e+00,0.000000000000000000e+00
1.937793074159139767e+06,1.452206197888161987e+06,1.400000000000000000e+01,8.000000000000000000e+00,-1.000000000000000000e+00,0.000000000000000000e+00
2.048320779198112665e+06,1.467897094863267615e+06,1.500000000000000000e+01,7.799999999999999822e+00,-1.000000000000000000e+00,0.000000000000000000e+00
1.971373926193112507e+06,1.433313680730004795e+06,1.550000000000000000e+01,8.099999999999999645e+00,2.000000000000000000e+00,0.000000000000000000e+00
1.881639662645374658e+06,1.472165995371351950e+06,8.500000000000000000e+00,3.600000000000000089e+00,-1.000000000000000000e+00,0.000000000000000000e+00
1.924783273867831565e+06,1.442669536468086764e+06,1.559999999999999964e+01,8.199999999999999289e+00,-2.500000000000000000e+00,0.000000000000000000e+00
1.860846221154139377e+06,1.463459739460358396e+06,1.430000000000000071e+01,7.599999999999999645e+00,2.399999999999999911e+00,0.000000000000000000e+00
1.879971739531104220e+06,1.436374452780424617e+06,1.950000000000000000e+01,7.799999999999999822e+00,-3.000000000000000000e+00,0.000000000000000000e+00
1.856620815931322053e+06,1.425326904268825427e+06,1.359999999999999964e+01,8.199999999999999289e+00,3.700000000000000178e+00,0.000000000000000000e+00
1.989276300952946302e+06,1.426515944470566697e+06,1.600000000000000000e+01,8.500000000000000000e+00,1.500000000000000000e+00,0.000000000000000000e+00
1.869519421348345000e+06,1.438415585774635896e+06,1.440000000000000036e+01,7.599999999999999645e+00,-8.000000000000000444e-01,0.000000000000000000e+00
1.869853005971198902e+06,1.440457213788343593e+06,1.430000000000000071e+01,7.400000000000000355e+00,-1.899999999999999911e+00,0.000000000000000000e+00
1.876747088176849065e+06,1.457490075569260865e+06,1.309999999999999964e+01,8.500000000000000000e+00,1.899999999999999911e+00,0.000000000000000000e+00
1.868852252102636732e+06,1.466360821876739152e+06,1.369999999999999929e+01,8.300000000000000711e+00,1.699999999999999956e+00,0.000000000000000000e+00
1.896206191176667809e+06,1.590336007083403878e+06,8.000000000000000000e+00,-1.199999999999999956e+00,-1.000000000000000000e+01,0.000000000000000000e+00
1.914330955685070483e+06,1.410393257015900686e+06,1.650000000000000000e+01,9.000000000000000000e+00,2.999999999999999889e-01,0.000000000000000000e+00
1.893982293690974591e+06,1.481907216009550728e+06,1.350000000000000000e+01,6.799999999999999822e+00,-2.000000000000000000e+00,0.000000000000000000e+00
2.057327564015170792e+06,1.469945896195644513e+06,1.500000000000000000e+01,7.799999999999999822e+00,-1.199999999999999956e+00,0.000000000000000000e+00
2.057883538386595203e+06,1.470287411699591205e+06,1.490000000000000036e+01,7.700000000000000178e+00,-1.500000000000000000e+00,0.000000000000000000e+00
2.086794205700611230e+06,1.452717395766669884e+06,1.400000000000000000e+01,4.000000000000000000e+00,-4.500000000000000000e+00,0.000000000000000000e+00
2.008846598827050533e+06,1.697741245643214323e+06,1.480000000000000071e+01,5.200000000000000178e+00,-2.799999999999999822e+00,0.000000000000000000e+00
2.047987194575258764e+06,1.617404537337374873e+06,1.400000000000000000e+01,5.500000000000000000e+00,-3.299999999999999822e+00,0.000000000000000000e+00
2.047987194575258764e+06,1.617404537337374873e+06,1.450000000000000000e+01,5.599999999999999645e+00,-3.399999999999999911e+00,0.000000000000000000e+00
2.216225039367980324e+06,1.469262906864120625e+06,1.200000000000000000e+01,3.600000000000000089e+00,-5.000000000000000000e+00,0.000000000000000000e+00
2.221451198459359817e+06,1.470116652210942470e+06,1.150000000000000000e+01,6.999999999999999556e-01,-8.500000000000000000e+00,0.000000000000000000e+00
2.186869592556824908e+06,1.522188415674383752e+06,1.150000000000000000e+01,1.699999999999999956e+00,-9.500000000000000000e+00,0.000000000000000000e+00
2.293060697498695459e+06,1.571129276126670651e+06,1.280000000000000071e+01,2.799999999999999822e+00,-7.700000000000000178e+00,0.000000000000000000e+00
2.290614410264431499e+06,1.568364391743668355e+06,1.319999999999999929e+01,3.600000000000000089e+00,-5.599999999999999645e+00,0.000000000000000000e+00
2.290614410264431499e+06,1.569919526189296506e+06,1.319999999999999929e+01,3.600000000000000089e+00,-5.500000000000000000e+00,0.000000000000000000e+00
2.137387873500140850e+06,1.598135181952901185e+06,1.380000000000000071e+01,3.200000000000000178e+00,-8.400000000000000355e+00,0.000000000000000000e+00
2.134830391391593963e+06,1.598308580167189240e+06,1.350000000000000000e+01,3.899999999999999911e+00,-6.500000000000000000e+00,0.000000000000000000e+00
2.285610640921622515e+06,1.588257463174855337e+06,1.150000000000000000e+01,3.700000000000000178e+00,-2.500000000000000000e+00,0.000000000000000000e+00
2.274491153493153397e+06,1.437735153124010190e+06,1.500000000000000000e+01,6.000000000000000000e+00,-5.000000000000000000e+00,0.000000000000000000e+00
2.286055420418760274e+06,1.412088931505139917e+06,1.280000000000000071e+01,5.400000000000000355e+00,-5.500000000000000000e+00,0.000000000000000000e+00
2.255365635116188321e+06,1.541110324335237965e+06,1.250000000000000000e+01,4.599999999999999645e+00,-2.000000000000000000e+00,0.000000000000000000e+00
2.268153045658926480e+06,1.486183252973867580e+06,1.300000000000000000e+01,4.599999999999999645e+00,-5.099999999999999645e+00,0.000000000000000000e+00
2.166854515185581520e+06,1.487038722138458863e+06,8.500000000000000000e+00,1.300000000000000044e+00,-8.500000000000000000e+00,0.000000000000000000e+00
2.300621948950053193e+06,1.624359439015059732e+06,1.250000000000000000e+01,3.000000000000000000e+00,-4.000000000000000000e+00,0.000000000000000000e+00
2.313520554367076140e+06,1.617230739549696445e+06,1.200000000000000000e+01,2.100000000000000089e+00,-5.400000000000000355e+00,0.000000000000000000e+00
2.305069743921441492e+06,1.638286785755214281e+06,9.500000000000000000e+00,2.200000000000000178e+00,-4.000000000000000000e+00,0.000000000000000000e+00
2.328865447018363047e+06,1.640900773997612298e+06,4.500000000000000000e+00,-2.299999999999999822e+00,-1.000000000000000000e+01,0.000000000000000000e+00
2.288946487150161527e+06,1.584967498184283264e+06,1.150000000000000000e+01,3.399999999999999911e+00,-3.000000000000000000e+00,0.000000000000000000e+00
2.167188099808435421e+06,1.486525430163581856e+06,8.699999999999999289e+00,6.999999999999999556e-01,-9.000000000000000000e+00,0.000000000000000000e+00
2.262926886567546520e+06,1.503309253718126565e+06,1.290000000000000036e+01,4.000000000000000000e+00,-4.299999999999999822e+00,0.000000000000000000e+00
2.360444791315211449e+06,1.408019884954864159e+06,1.250000000000000000e+01,2.500000000000000000e+00,-8.000000000000000000e+00,0.000000000000000000e+00
2.420934802926079370e+06,1.410223708304990083e+06,1.150000000000000000e+01,2.500000000000000000e+00,-6.000000000000000000e+00,0.000000000000000000e+00
2.487095753125464544e+06,1.457660578551013954e+06,1.219999999999999929e+01,3.000000000000000000e+00,-7.299999999999999822e+00,0.000000000000000000e+00
2.471417275851323735e+06,1.465678124087781645e+06,1.250000000000000000e+01,4.000000000000000000e+00,-3.000000000000000000e+00,0.000000000000000000e+00
2.611078037952883169e+06,1.423798384741164744e+06,1.200000000000000000e+01,3.399999999999999911e+00,-6.000000000000000000e+00,0.000000000000000000e+00
2.560595565027638804e+06,1.620011941532550380e+06,8.000000000000000000e+00,1.600000000000000089e+00,-8.500000000000000000e+00,0.000000000000000000e+00
2.438725982811627910e+06,1.556451334096498787e+06,9.000000000000000000e+00,1.899999999999999911e+00,-6.000000000000000000e+00,0.000000000000000000e+00
2.566266503616156057e+06,1.563528052707752213e+06,9.000000000000000000e+00,3.000000000000000000e+00,-7.000000000000000000e+00,0.000000000000000000e+00
2.617749730409964453e+06,1.412767296720760874e+06,1.050000000000000000e+01,2.799999999999999822e+00,-7.500000000000000000e+00,0.000000000000000000e+00
2.466635896257083397e+06,1.625229212317023426e+06,9.900000000000000355e+00,2.200000000000000178e+00,-5.900000000000000355e+00,0.000000000000000000e+00
2.534575964445022400e+06,1.507253193265128881e+06,1.000000000000000000e+01,3.399999999999999911e+00,-4.500000000000000000e+00,0.000000000000000000e+00
2.516340005062334705e+06,1.577872533184308559e+06,9.500000000000000000e+00,2.700000000000000178e+00,-5.000000000000000000e+00,0.000000000000000000e+00
2.523567671890838537e+06,1.490975005276195705e+06,1.240000000000000036e+01,3.600000000000000089e+00,-4.799999999999999822e+00,0.000000000000000000e+00
2.475309096451287158e+06,1.426346071313172579e+06,1.140000000000000036e+01,3.299999999999999822e+00,-6.400000000000000355e+00,0.000000000000000000e+00
2.612968350815722719e+06,1.421251467957393266e+06,1.169999999999999929e+01,3.299999999999999822e+00,-5.099999999999999645e+00,0.000000000000000000e+00
2.513115353708079085e+06,1.494570618497204036e+06,1.050000000000000000e+01,2.100000000000000089e+00,-6.000000000000000000e+00,0.000000000000000000e+00
2.755297789900114760e+06,1.445733713007059880e+06,1.250000000000000000e+01,5.000000000000000000e-01,-1.250000000000000000e+01,0.000000000000000000e+00
2.692917465426409151e+06,1.511713799293296412e+06,1.090000000000000036e+01,4.000000000000000222e-01,-1.369999999999999929e+01,0.000000000000000000e+00
2.692139101306416094e+06,1.512743507780693471e+06,1.069999999999999929e+01,5.000000000000000000e-01,-1.380000000000000071e+01,0.000000000000000000e+00
2.771754631294248626e+06,1.490632646382194944e+06,1.350000000000000000e+01,1.199999999999999956e+00,-1.300000000000000000e+01,0.000000000000000000e+00
2.795995113888307940e+06,1.604379800565265119e+06,8.500000000000000000e+00,-5.400000000000000355e+00,-2.319999999999999929e+01,4.000000000000000000e+00
2.728611020071791485e+06,1.496625947733354755e+06,1.300000000000000000e+01,8.000000000000000444e-01,-1.250000000000000000e+01,0.000000000000000000e+00
2.672902388055165764e+06,1.514974977851074189e+06,1.000000000000000000e+01,-5.000000000000000000e-01,-1.300000000000000000e+01,0.000000000000000000e+00
2.661894095500981901e+06,1.688445109628874809e+06,9.000000000000000000e+00,9.000000000000000222e-01,-9.500000000000000000e+00,0.000000000000000000e+00
2.792881657408337574e+06,1.534568815707380883e+06,1.100000000000000000e+01,-2.000000000000000111e-01,-1.600000000000000000e+01,0.000000000000000000e+00
2.792770462534052320e+06,1.534568815707380883e+06,1.080000000000000071e+01,-5.000000000000000000e-01,-1.619999999999999929e+01,0.000000000000000000e+00
2.728722214946076740e+06,1.487894278617045842e+06,1.200000000000000000e+01,1.800000000000000044e+00,-1.050000000000000000e+01,0.000000000000000000e+00
2.709707891443395521e+06,1.545244447396990843e+06,1.100000000000000000e+01,1.300000000000000044e+00,-1.150000000000000000e+01,0.000000000000000000e+00
2.081456851734946249e+06,1.701954270660118200e+06,1.350000000000000000e+01,4.599999999999999645e+00,-4.200000000000000178e+00,0.000000000000000000e+00
2.302845846435746644e+06,1.955350353713584132e+06,8.400000000000000355e+00,-9.000000000000000222e-01,-1.380000000000000071e+01,0.000000000000000000e+00
2.302845846435746644e+06,1.955350353713584132e+06,1.030000000000000071e+01,-4.000000000000000222e-01,-1.259999999999999964e+01,0.000000000000000000e+00
2.103473436843314208e+06,1.879630194519734941e+06,9.500000000000000000e+00,-4.000000000000000222e-01,-1.500000000000000000e+01,0.000000000000000000e+00
2.214779506002280395e+06,1.869587420440820046e+06,1.100000000000000000e+01,1.300000000000000044e+00,-8.300000000000000711e+00,0.000000000000000000e+00
2.056549199895178899e+06,1.779046670070030726e+06,9.400000000000000355e+00,5.000000000000000000e-01,-1.159999999999999964e+01,0.000000000000000000e+00
2.036534122523935512e+06,1.800521478231931105e+06,1.050000000000000000e+01,-2.999999999999999889e-01,-1.019999999999999929e+01,0.000000000000000000e+00
2.142947617214376107e+06,1.758688843371587805e+06,1.100000000000000000e+01,-2.000000000000000111e-01,-1.600000000000000000e+01,0.000000000000000000e+00
2.203548823699526023e+06,1.806032383042439818e+06,1.200000000000000000e+01,2.100000000000000089e+00,-4.500000000000000000e+00,0.000000000000000000e+00
2.173970987139801960e+06,1.701076379313207231e+06,1.509999999999999964e+01,4.000000000000000000e+00,-4.500000000000000000e+00,0.000000000000000000e+00
2.174749351259795483e+06,1.700900812277241610e+06,1.480000000000000071e+01,4.099999999999999645e+00,-4.299999999999999822e+00,0.000000000000000000e+00
2.088573323689166689e+06,1.874607254942698404e+06,1.000000000000000000e+01,-5.999999999999999778e-01,-1.200000000000000000e+01,0.000000000000000000e+00
2.134941586265878752e+06,1.741909575175888836e+06,1.000000000000000000e+01,1.199999999999999956e+00,-1.200000000000000000e+01,0.000000000000000000e+00
2.296174153978667222e+06,1.673383087079503573e+06,9.000000000000000000e+00,1.699999999999999956e+00,-7.000000000000000000e+00,0.000000000000000000e+00
2.233793829504960217e+06,1.736265329994115047e+06,3.000000000000000000e+00,-4.599999999999999645e+00,-1.100000000000000000e+01,0.000000000000000000e+00
2.248582747784822248e+06,1.855798845045333728e+06,1.000000000000000000e+01,1.699999999999999956e+00,-8.000000000000000000e+00,0.000000000000000000e+00
2.201658510836686939e+06,1.683012604085576721e+06,1.100000000000000000e+01,2.299999999999999822e+00,-4.500000000000000000e+00,0.000000000000000000e+00
2.302734651561462786e+06,1.701076379313207231e+06,1.150000000000000000e+01,2.299999999999999822e+00,-4.900000000000000355e+00,0.000000000000000000e+00
2.237018480859215371e+06,1.733444662110473029e+06,7.500000000000000000e+00,-1.800000000000000044e+00,-1.350000000000000000e+01,0.000000000000000000e+00
2.233015465384966694e+06,1.736089009856995195e+06,2.500000000000000000e+00,-4.099999999999999645e+00,-1.200000000000000000e+01,4.000000000000000000e+00
2.559483616284791380e+06,1.806388053048760630e+06,9.000000000000000000e+00,-6.999999999999999556e-01,-1.250000000000000000e+01,0.000000000000000000e+00
2.399029412691996899e+06,1.865466304280638695e+06,7.000000000000000000e+00,-5.000000000000000000e-01,-9.000000000000000000e+00,0.000000000000000000e+00
2.381238232806448359e+06,1.941595979735673405e+06,5.500000000000000000e+00,-1.000000000000000056e-01,-8.000000000000000000e+00,0.000000000000000000e+00
2.425938572268888354e+06,1.747557705494903028e+06,9.800000000000000711e+00,9.000000000000000222e-01,-7.200000000000000178e+00,0.000000000000000000e+00
2.426716936388881877e+06,1.745968775743690319e+06,1.009999999999999964e+01,1.000000000000000000e+00,-7.400000000000000355e+00,0.000000000000000000e+00
2.630314751204133499e+06,1.832037129596730694e+06,5.000000000000000000e+00,-4.299999999999999822e+00,-2.289999999999999858e+01,4.000000000000000000e+00
2.608520555844336282e+06,1.830253334160469472e+06,1.550000000000000000e+01,-1.899999999999999911e+00,-1.600000000000000000e+01,0.000000000000000000e+00
2.631204310198410414e+06,1.816531169458459131e+06,5.000000000000000000e+00,-5.000000000000000000e+00,-2.300000000000000000e+01,4.000000000000000000e+00
2.110812298546103295e+06,2.748946165273832157e+06,1.200000000000000000e+01,-8.000000000000000000e+00,-3.000000000000000000e+01,4.000000000000000000e+00
2.042983425232447917e+06,2.627469976946427487e+06,1.169999999999999929e+01,-5.900000000000000355e+00,-2.810000000000000142e+01,4.000000000000000000e+00
2.203548823699526023e+06,2.638326598846541718e+06,1.109999999999999964e+01,-8.599999999999999645e+00,-2.919999999999999929e+01,4.000000000000000000e+00
2.141613278722960036e+06,2.736931783679408021e+06,9.699999999999999289e+00,-9.599999999999999645e+00,-2.919999999999999929e+01,4.000000000000000000e+00
1.875523944559718017e+06,2.551311961733724922e+06,7.299999999999999822e+00,-6.099999999999999645e+00,-2.450000000000000000e+01,4.000000000000000000e+00
1.874967970188293373e+06,2.552483974523463286e+06,7.500000000000000000e+00,-5.799999999999999822e+00,-2.380000000000000071e+01,4.000000000000000000e+00
1.921669817387859803e+06,2.942149542908429168e+06,1.100000000000000000e+01,-8.000000000000000000e+00,-3.420000000000000284e+01,4.000000000000000000e+00
1.108501701743985992e+06,3.186980023580426350e+06,5.700000000000000178e+00,-1.119999999999999929e+01,-3.470000000000000284e+01,4.000000000000000000e+00
1.935124397176307160e+06,3.275411261941619217e+06,1.169999999999999929e+01,-1.469999999999999929e+01,-3.750000000000000000e+01,4.000000000000000000e+00
1.937793074159139767e+06,3.276485707946311682e+06,1.150000000000000000e+01,-1.369999999999999929e+01,-3.550000000000000000e+01,4.000000000000000000e+00
1.109057676115409005e+06,3.187829440670984797e+06,5.700000000000000178e+00,-1.130000000000000071e+01,-3.479999999999999716e+01,4.000000000000000000e+00
7.005277079934927169e+05,3.434168825935319997e+06,7.500000000000000000e+00,-8.800000000000000711e+00,-3.100000000000000000e+01,4.000000000000000000e+00
4.039709782762477989e+05,3.408529201279629022e+06,5.000000000000000000e+00,-4.400000000000000355e+00,-2.200000000000000000e+01,4.000000000000000000e+00
1.067470793132948165e+05,3.841265182454126887e+06,9.400000000000000355e+00,-1.590000000000000036e+01,-4.289999999999999858e+01,4.000000000000000000e+00
1.056351305704458500e+05,3.840336947281981818e+06,1.100000000000000000e+01,-1.569999999999999929e+01,-4.350000000000000000e+01,4.000000000000000000e+00
1.093045614218420524e+05,3.840336947281981818e+06,9.699999999999999289e+00,-1.619999999999999929e+01,-4.370000000000000284e+01,4.000000000000000000e+00
4.234300812760651461e+05,4.016019774835000746e+06,1.059999999999999964e+01,-1.710000000000000142e+01,-4.350000000000000000e+01,4.000000000000000000e+00
9.696193037624355929e+04,4.489718034728123806e+06,3.000000000000000000e+00,-2.069999999999999929e+01,-4.710000000000000142e+01,2.000000000000000000e+00
7.368884318845832022e+05,4.037925954932845198e+06,6.799999999999999822e+00,-1.619999999999999929e+01,-4.479999999999999716e+01,2.000000000000000000e+00
7.365548472617275547e+05,4.038164431937136687e+06,6.799999999999999822e+00,-1.639999999999999858e+01,-4.479999999999999716e+01,2.000000000000000000e+00
2.690915957689270726e+05,3.703792748058081605e+06,1.009999999999999964e+01,-1.259999999999999964e+01,-3.889999999999999858e+01,4.000000000000000000e+00
1.107834532498277957e+06,4.289582236080124043e+06,2.399999999999999911e+00,-1.710000000000000142e+01,-4.089999999999999858e+01,2.000000000000000000e+00
4.594572205443031853e+05,4.382061541280922480e+06,4.799999999999999822e+00,-1.850000000000000000e+01,-4.820000000000000284e+01,2.000000000000000000e+00
5.356257094293100527e+05,3.727286910576463677e+06,9.000000000000000000e+00,-1.419999999999999929e+01,-4.350000000000000000e+01,4.000000000000000000e+00
9.640595600481748988e+04,4.491496577247948386e+06,3.500000000000000000e+00,-2.080000000000000071e+01,-4.710000000000000142e+01,2.000000000000000000e+00
8.080531514267777093e+05,3.567072910129996948e+06,6.500000000000000000e+00,-1.219999999999999929e+01,-3.579999999999999716e+01,4.000000000000000000e+00
1.242936304754165933e+06,3.556128630826159380e+06,7.099999999999999645e+00,-1.619999999999999929e+01,-4.039999999999999858e+01,4.000000000000000000e+00
5.485243148463314865e+05,3.689232432921466418e+06,7.799999999999999822e+00,-1.240000000000000036e+01,-3.670000000000000284e+01,4.000000000000000000e+00
5.450772737435057061e+05,3.694689149702136405e+06,8.099999999999999645e+00,-1.200000000000000000e+01,-3.560000000000000142e+01,4.000000000000000000e+00
1.727078787389667705e+06,3.814856870086693205e+06,7.799999999999999822e+00,-1.839999999999999858e+01,-4.439999999999999858e+01,2.000000000000000000e+00
1.838384856548634125e+06,3.581840010940522887e+06,1.250000000000000000e+01,-1.569999999999999929e+01,-3.579999999999999716e+01,4.000000000000000000e+00
2.490542794228288811e+06,3.828744010570206679e+06,1.100000000000000089e+00,-2.119999999999999929e+01,-3.800000000000000000e+01,2.000000000000000000e+00
3.428360363945289515e+06,4.159132181795292534e+06,-8.000000000000000000e+00,-2.860000000000000142e+01,-4.170000000000000284e+01,2.000000000000000000e+00
2.086349426203473471e+06,3.932108637877658941e+06,-4.000000000000000222e-01,-2.080000000000000071e+01,-3.879999999999999716e+01,2.000000000000000000e+00
2.086349426203473471e+06,3.932108637877658941e+06,-9.000000000000000222e-01,-2.080000000000000071e+01,-3.850000000000000000e+01,2.000000000000000000e+00
3.117681885193890426e+06,3.534288846018823795e+06,-4.799999999999999822e+00,-2.310000000000000142e+01,-3.810000000000000142e+01,2.000000000000000000e+00
3.121351316045285203e+06,3.535624113019539975e+06,-4.700000000000000178e+00,-2.280000000000000071e+01,-3.750000000000000000e+01,2.000000000000000000e+00
3.877031681683978997e+06,4.378059117035268806e+06,-1.159999999999999964e+01,-3.119999999999999929e+01,-4.250000000000000000e+01,2.000000000000000000e+00
2.692806270552123897e+06,3.719066756089557894e+06,-2.500000000000000000e+00,-2.139999999999999858e+01,-3.900000000000000000e+01,2.000000000000000000e+00
2.693473439797832165e+06,3.718838550637458451e+06,-2.299999999999999822e+00,-2.100000000000000000e+01,-3.760000000000000142e+01,2.000000000000000000e+00
2.921534126955713611e+06,3.969807074194981717e+06,-5.700000000000000178e+00,-2.460000000000000142e+01,-3.610000000000000142e+01,2.000000000000000000e+00
2.530239364347919822e+06,4.262464438313611783e+06,-3.500000000000000000e+00,-2.580000000000000071e+01,-3.960000000000000142e+01,2.000000000000000000e+00
1.422293636975356610e+06,3.979972160830332898e+06,-5.999999999999999778e-01,-1.259999999999999964e+01,-4.260000000000000142e+01,2.000000000000000000e+00
2.521010189782291185e+06,4.507268904637620784e+06,-1.600000000000000089e+00,-2.469999999999999929e+01,-3.860000000000000142e+01,2.000000000000000000e+00
2.842140986716451123e+06,4.099235487994647585e+06,-4.900000000000000355e+00,-2.589999999999999858e+01,-4.150000000000000000e+01,2.000000000000000000e+00
2.848479094550678506e+06,4.096109482619295828e+06,-4.500000000000000000e+00,-2.610000000000000142e+01,-4.200000000000000000e+01,2.000000000000000000e+00
1.807806266120346030e+06,3.811389228578201495e+06,1.140000000000000036e+01,-1.789999999999999858e+01,-3.920000000000000284e+01,4.000000000000000000e+00
3.259121765284005553e+06,4.087940199338621460e+06,-6.900000000000000355e+00,-2.789999999999999858e+01,-4.170000000000000284e+01,2.000000000000000000e+00
1.906880899107997771e+06,3.784398242663637735e+06,-6.999999999999999556e-01,-2.439999999999999858e+01,-3.729999999999999716e+01,2.000000000000000000e+00
5.106958186146836728e+06,3.777263537894935347e+06,-1.359999999999999964e+01,-3.150000000000000000e+01,-3.910000000000000142e+01,2.000000000000000000e+00
4.892574468525972217e+06,4.559670964026595466e+06,-1.430000000000000071e+01,-3.350000000000000000e+01,-4.029999999999999716e+01,2.000000000000000000e+00
4.883901268331766129e+06,4.555054229920632206e+06,-1.409999999999999964e+01,-3.310000000000000142e+01,-4.039999999999999858e+01,2.000000000000000000e+00
6.298188874358627014e+06,4.527927757945370860e+06,-2.180000000000000071e+01,-3.410000000000000142e+01,-4.370000000000000284e+01,2.000000000000000000e+00
6.269500596793178469e+06,4.563777260298482142e+06,-2.160000000000000142e+01,-3.389999999999999858e+01,-4.260000000000000142e+01,2.000000000000000000e+00
5.107514160518261604e+06,3.778643902661382221e+06,-1.350000000000000000e+01,-3.169999999999999929e+01,-3.929999999999999716e+01,2.000000000000000000e+00
5.324566555121959187e+06,4.183426306938947178e+06,-1.769999999999999929e+01,-3.360000000000000142e+01,-4.000000000000000000e+01,2.000000000000000000e+00
6.753976664051534608e+06,2.796991542398907244e+06,-1.669999999999999929e+01,-2.900000000000000000e+01,-3.579999999999999716e+01,2.000000000000000000e+00
8.434575993990205228e+06,4.313333193710156716e+06,-1.610000000000000142e+01,-2.560000000000000142e+01,-3.289999999999999858e+01,2.000000000000000000e+00
7.057538670848714188e+06,4.537640385324505158e+06,-2.080000000000000071e+01,-2.860000000000000142e+01,-3.579999999999999716e+01,2.000000000000000000e+00
7.058094645220137201e+06,4.537384618975403719e+06,-2.069999999999999929e+01,-2.850000000000000000e+01,-3.550000000000000000e+01,2.000000000000000000e+00
8.497734682583903894e+06,4.726078399335724302e+06,-1.540000000000000036e+01,-2.739999999999999858e+01,-3.550000000000000000e+01,2.000000000000000000e+00
7.944873767640470527e+06,4.415670598937905394e+06,-1.810000000000000142e+01,-3.189999999999999858e+01,-3.889999999999999858e+01,2.000000000000000000e+00
7.945540936886178330e+06,4.414916415251075290e+06,-1.800000000000000000e+01,-3.210000000000000142e+01,-3.960000000000000142e+01,2.000000000000000000e+00
8.380424090213567019e+06,3.894605700875478797e+06,-1.630000000000000071e+01,-2.530000000000000071e+01,-3.130000000000000071e+01,2.000000000000000000e+00
3.005931036537786480e+06,2.355354406816826202e+06,6.400000000000000355e+00,-1.359999999999999964e+01,-2.980000000000000071e+01,4.000000000000000000e+00
3.204525082010227256e+06,2.135591630977796391e+06,4.900000000000000355e+00,-1.330000000000000071e+01,-3.239999999999999858e+01,4.000000000000000000e+00
3.138030547187988181e+06,1.989111640085679479e+06,6.099999999999999645e+00,-1.119999999999999929e+01,-2.639999999999999858e+01,4.000000000000000000e+00
3.082433110045647249e+06,2.285948581626005471e+06,4.900000000000000355e+00,-1.319999999999999929e+01,-2.950000000000000000e+01,4.000000000000000000e+00
3.172945737713376991e+06,2.037824358525390737e+06,5.000000000000000000e+00,-1.180000000000000071e+01,-2.650000000000000000e+01,4.000000000000000000e+00
3.324615546237682924e+06,1.954444740253862925e+06,5.000000000000000000e+00,-1.269999999999999929e+01,-2.769999999999999929e+01,4.000000000000000000e+00
2.837359607122209389e+06,2.145601477055646479e+06,1.200000000000000000e+01,-8.300000000000000711e+00,-2.400000000000000000e+01,4.000000000000000000e+00
2.842029791842165869e+06,2.131146845482815057e+06,1.280000000000000071e+01,-7.500000000000000000e+00,-2.419999999999999929e+01,4.000000000000000000e+00
2.903409362447310705e+06,2.301067056483111344e+06,8.500000000000000000e+00,-1.109999999999999964e+01,-2.300000000000000000e+01,4.000000000000000000e+00
2.899739931595915928e+06,2.288592221756611951e+06,8.400000000000000355e+00,-1.030000000000000071e+01,-2.710000000000000142e+01,4.000000000000000000e+00
3.279136842655247543e+06,1.992568351273778826e+06,4.799999999999999822e+00,-1.290000000000000036e+01,-2.610000000000000142e+01,4.000000000000000000e+00
3.022943852303343359e+06,2.121155133057703264e+06,7.200000000000000178e+00,-1.080000000000000071e+01,-2.650000000000000000e+01,4.000000000000000000e+00
3.024500580543328542e+06,2.105452755408611149e+06,6.000000000000000000e+00,-1.850000000000000000e+01,-2.500000000000000000e+01,4.000000000000000000e+00
2.818345283619529568e+06,2.158038625515820459e+06,1.200000000000000000e+01,-7.299999999999999822e+00,-2.650000000000000000e+01,4.000000000000000000e+00
3.256564283175458200e+06,1.920647496130964719e+06,4.900000000000000355e+00,-1.269999999999999929e+01,-2.860000000000000142e+01,4.000000000000000000e+00
3.174724855701932684e+06,1.945394188771382906e+06,5.000000000000000000e+00,-1.269999999999999929e+01,-3.069999999999999929e+01,4.000000000000000000e+00
2.901852634207324125e+06,2.065504952947535552e+06,1.050000000000000000e+01,-9.199999999999999289e+00,-2.969999999999999929e+01,4.000000000000000000e+00
2.896626475115944631e+06,2.068627310405149125e+06,1.150000000000000000e+01,-7.700000000000000178e+00,-2.800000000000000000e+01,4.000000000000000000e+00
2.982691307812287938e+06,1.965137461124056950e+06,9.000000000000000000e+00,-8.599999999999999645e+00,-2.400000000000000000e+01,4.000000000000000000e+00
3.270463642461043783e+06,2.237387947654987685e+06,3.000000000000000000e+00,-1.519999999999999929e+01,-3.180000000000000071e+01,4.000000000000000000e+00
3.074427079097149894e+06,2.025938227535224520e+06,6.500000000000000000e+00,-1.069999999999999929e+01,-3.100000000000000000e+01,4.000000000000000000e+00
3.287698847975167911e+06,2.073772673725745641e+06,4.599999999999999645e+00,-1.380000000000000071e+01,-3.160000000000000142e+01,4.000000000000000000e+00
2.944551465932641644e+06,2.221079889415175654e+06,8.300000000000000711e+00,-8.900000000000000355e+00,-2.230000000000000071e+01,4.000000000000000000e+00
2.934877511869875714e+06,2.171611726183543913e+06,7.400000000000000355e+00,-1.040000000000000036e+01,-2.850000000000000000e+01,4.000000000000000000e+00
2.944773855681212153e+06,2.221267147602903657e+06,8.099999999999999645e+00,-9.000000000000000000e+00,-2.160000000000000142e+01,4.000000000000000000e+00
2.950333599395446014e+06,2.238889228166591376e+06,8.300000000000000711e+00,-1.050000000000000000e+01,-2.510000000000000142e+01,4.000000000000000000e+00
2.937879773475562222e+06,2.172170021019731648e+06,6.799999999999999822e+00,-1.050000000000000000e+01,-2.839999999999999858e+01,4.000000000000000000e+00
2.907078793298705481e+06,2.239076908269850537e+06,8.199999999999999289e+00,-9.400000000000000355e+00,-2.600000000000000000e+01,4.000000000000000000e+00
2.879057684978964739e+06,2.216587020814451389e+06,1.000000000000000000e+01,-8.300000000000000711e+00,-2.150000000000000000e+01,4.000000000000000000e+00
2.918865449972881004e+06,2.192108244694082998e+06,1.000000000000000000e+01,-9.199999999999999289e+00,-2.650000000000000000e+01,4.000000000000000000e+00
3.016939329091970343e+06,2.241892644458132796e+06,9.400000000000000355e+00,-1.069999999999999929e+01,-2.839999999999999858e+01,4.000000000000000000e+00
3.224651354255754035e+06,2.108590759785157628e+06,5.500000000000000000e+00,-1.400000000000000000e+01,-3.000000000000000000e+01,4.000000000000000000e+00
3.018051277834815904e+06,2.067525162812032737e+06,6.000000000000000000e+00,-1.059999999999999964e+01,-2.939999999999999858e+01,4.000000000000000000e+00
3.100113095056910999e+06,2.016807009973990731e+06,8.500000000000000000e+00,-9.000000000000000000e+00,-2.500000000000000000e+01,4.000000000000000000e+00
3.099779510434056632e+06,2.031604801868322305e+06,6.400000000000000355e+00,-1.109999999999999964e+01,-2.650000000000000000e+01,4.000000000000000000e+00
2.981912943692294415e+06,2.248278694840355776e+06,8.000000000000000000e+00,-7.599999999999999645e+00,-2.500000000000000000e+01,4.000000000000000000e+00
3.266794211609649006e+06,2.127814882768573239e+06,4.500000000000000000e+00,-1.330000000000000071e+01,-2.939999999999999858e+01,4.000000000000000000e+00
2.831132694162267260e+06,2.270105325611181557e+06,1.000000000000000000e+01,-7.900000000000000355e+00,-2.180000000000000071e+01,4.000000000000000000e+00
3.095220520588384941e+06,1.952995970034314319e+06,5.400000000000000355e+00,-1.400000000000000000e+01,-3.000000000000000000e+01,4.000000000000000000e+00
3.201078040907401592e+06,1.892380887751799077e+06,5.299999999999999822e+00,-1.219999999999999929e+01,-3.080000000000000071e+01,4.000000000000000000e+00
3.086102540897042025e+06,2.148940891201821156e+06,6.599999999999999645e+00,-1.190000000000000036e+01,-2.760000000000000142e+01,4.000000000000000000e+00
3.248669447101244703e+06,2.037092395677931607e+06,4.599999999999999645e+00,-1.269999999999999929e+01,-2.760000000000000142e+01,4.000000000000000000e+00
3.127689423879512120e+06,2.086650580357173458e+06,5.099999999999999645e+00,-1.200000000000000000e+01,-2.760000000000000142e+01,4.000000000000000000e+00
3.212086333461585455e+06,1.984565595971582457e+06,5.900000000000000355e+00,-1.230000000000000071e+01,-3.000000000000000000e+01,4.000000000000000000e+00
3.289589160838008393e+06,2.180176561800557189e+06,3.600000000000000089e+00,-1.330000000000000071e+01,-2.410000000000000142e+01,4.000000000000000000e+00
2.949555235275452491e+06,2.302202112601933070e+06,4.299999999999999822e+00,-1.180000000000000071e+01,-2.310000000000000142e+01,4.000000000000000000e+00
3.271464396329605952e+06,2.290858904956803657e+06,5.900000000000000355e+00,-1.469999999999999929e+01,-3.270000000000000284e+01,4.000000000000000000e+00
3.327729002717654221e+06,2.171983918382046744e+06,4.500000000000000000e+00,-1.390000000000000036e+01,-2.730000000000000071e+01,4.000000000000000000e+00
3.327729002717654221e+06,2.171983918382046744e+06,4.400000000000000355e+00,-1.419999999999999929e+01,-2.730000000000000071e+01,4.000000000000000000e+00
3.196296661313161254e+06,2.199387921541390941e+06,5.700000000000000178e+00,-1.309999999999999964e+01,-2.760000000000000142e+01,4.000000000000000000e+00
3.080098017685669009e+06,2.220143664897074923e+06,5.299999999999999822e+00,-1.130000000000000071e+01,-2.480000000000000071e+01,4.000000000000000000e+00
3.211975138587300200e+06,2.248842417652543634e+06,6.500000000000000000e+00,-1.409999999999999964e+01,-3.450000000000000000e+01,4.000000000000000000e+00
2.983914451429418754e+06,2.163242006903502159e+06,6.799999999999999822e+00,-1.050000000000000000e+01,-2.500000000000000000e+01,4.000000000000000000e+00
2.963343399686754216e+06,2.235699347624461167e+06,8.300000000000000711e+00,-1.009999999999999964e+01,-2.680000000000000071e+01,4.000000000000000000e+00
3.015716185474837665e+06,2.300688740795515478e+06,7.400000000000000355e+00,-1.219999999999999929e+01,-2.880000000000000071e+01,4.000000000000000000e+00
3.143923875525075942e+06,2.193600967197508551e+06,4.400000000000000355e+00,-1.280000000000000071e+01,-2.700000000000000000e+01,4.000000000000000000e+00
3.297706386660789140e+06,2.038739406019029208e+06,5.099999999999999645e+00,-1.309999999999999964e+01,-2.839999999999999858e+01,4.000000000000000000e+00
3.324504351363397669e+06,2.118197028954642825e+06,4.000000000000000000e+00,-1.430000000000000071e+01,-2.860000000000000142e+01,4.000000000000000000e+00
2.789657006054080557e+06,2.008415446210906841e+06,1.180000000000000071e+01,-8.500000000000000000e+00,-2.919999999999999929e+01,4.000000000000000000e+00
3.065865073777229991e+06,2.074140326314574108e+06,6.000000000000000000e+00,-1.109999999999999964e+01,-2.639999999999999858e+01,4.000000000000000000e+00
3.174280076204793528e+06,2.355163935889468528e+06,7.099999999999999645e+00,-1.319999999999999929e+01,-2.869999999999999929e+01,4.000000000000000000e+00
3.194406348450320307e+06,2.303715775306875817e+06,6.000000000000000000e+00,-1.500000000000000000e+01,-3.110000000000000142e+01,4.000000000000000000e+00
3.251894098455501720e+06,1.858304119685715064e+06,4.599999999999999645e+00,-1.250000000000000000e+01,-3.000000000000000000e+01,4.000000000000000000e+00
3.053522442731629591e+06,2.176451585382805206e+06,7.400000000000000355e+00,-1.159999999999999964e+01,-2.839999999999999858e+01,4.000000000000000000e+00
3.057970237703017890e+06,2.354402098409154452e+06,7.200000000000000178e+00,-1.250000000000000000e+01,-2.569999999999999929e+01,4.000000000000000000e+00
3.148705255119316280e+06,1.898853694760717452e+06,5.700000000000000178e+00,-1.159999999999999964e+01,-2.950000000000000000e+01,4.000000000000000000e+00
3.047184334897402674e+06,1.994934325129950419e+06,6.200000000000000178e+00,-1.030000000000000071e+01,-2.480000000000000071e+01,4.000000000000000000e+00
2.902742193201602437e+06,2.154881089909589849e+06,8.699999999999999289e+00,-9.500000000000000000e+00,-2.669999999999999929e+01,4.000000000000000000e+00
2.811228811665309127e+06,2.196213907634774223e+06,1.159999999999999964e+01,-8.000000000000000000e+00,-2.260000000000000142e+01,4.000000000000000000e+00
3.326839443723375909e+06,2.238326214578579180e+06,5.700000000000000178e+00,-1.509999999999999964e+01,-3.420000000000000284e+01,4.000000000000000000e+00
3.149261229490740690e+06,2.231010682305183262e+06,4.099999999999999645e+00,-1.190000000000000036e+01,-2.410000000000000142e+01,4.000000000000000000e+00
3.237772349421346094e+06,2.178500106195916422e+06,4.200000000000000178e+00,-1.350000000000000000e+01,-3.180000000000000071e+01,4.000000000000000000e+00
3.143256706279367674e+06,2.148384224863931537e+06,4.900000000000000355e+00,-1.230000000000000071e+01,-2.680000000000000071e+01,4.000000000000000000e+00
3.139364885679404251e+06,2.167146779063696973e+06,6.500000000000000000e+00,-1.340000000000000036e+01,-2.850000000000000000e+01,4.000000000000000000e+00
3.122240875039562117e+06,2.326265948630361818e+06,7.299999999999999822e+00,-1.330000000000000071e+01,-3.169999999999999929e+01,4.000000000000000000e+00
2.765861302957159001e+06,2.141336485587088391e+06,1.259999999999999964e+01,-6.900000000000000355e+00,-2.369999999999999929e+01,4.000000000000000000e+00
3.102559382291174494e+06,2.208543665375228040e+06,5.400000000000000355e+00,-1.269999999999999929e+01,-3.039999999999999858e+01,4.000000000000000000e+00
2.952891081503992900e+06,2.110991242975665256e+06,8.300000000000000711e+00,-1.030000000000000071e+01,-2.960000000000000142e+01,4.000000000000000000e+00
2.879057684978964739e+06,2.216399873256608844e+06,9.900000000000000355e+00,-8.599999999999999645e+00,-2.169999999999999929e+01,4.000000000000000000e+00
3.312940084437790792e+06,1.872634807069757022e+06,6.099999999999999645e+00,-1.200000000000000000e+01,-2.810000000000000142e+01,4.000000000000000000e+00
2.942994737692656461e+06,2.210787501433718018e+06,1.000000000000000000e+01,-8.500000000000000000e+00,-2.100000000000000000e+01,4.000000000000000000e+00
3.213976646324424539e+06,2.083153097418922000e+06,4.599999999999999645e+00,-1.319999999999999929e+01,-2.800000000000000000e+01,4.000000000000000000e+00
3.300597453392192256e+06,1.765056287990536541e+06,7.700000000000000178e+00,-1.119999999999999929e+01,-2.960000000000000142e+01,4.000000000000000000e+00
3.223984185010046232e+06,1.719883729692020454e+06,7.200000000000000178e+00,-9.400000000000000355e+00,-2.800000000000000000e+01,4.000000000000000000e+00
2.962565035566760693e+06,1.820627579489509575e+06,1.030000000000000071e+01,-8.199999999999999289e+00,-2.800000000000000000e+01,4.000000000000000000e+00
3.024166995920474175e+06,1.931656742436120287e+06,7.599999999999999645e+00,-9.400000000000000355e+00,-2.569999999999999929e+01,4.000000000000000000e+00
3.085435371651333757e+06,1.891482295318664052e+06,7.299999999999999822e+00,-1.030000000000000071e+01,-2.610000000000000142e+01,4.000000000000000000e+00
3.081988330548508093e+06,1.890044754488604143e+06,8.500000000000000000e+00,-1.030000000000000071e+01,-2.600000000000000000e+01,4.000000000000000000e+00
3.038177550080343150e+06,1.832393935553724878e+06,1.059999999999999964e+01,-8.900000000000000355e+00,-2.869999999999999929e+01,4.000000000000000000e+00
2.837026022499355022e+06,1.988202225897399709e+06,1.259999999999999964e+01,-9.000000000000000000e+00,-2.919999999999999929e+01,4.000000000000000000e+00
3.057859042828732636e+06,1.785784750566301867e+06,1.259999999999999964e+01,-8.199999999999999289e+00,-2.089999999999999858e+01,4.000000000000000000e+00
2.918198280727172736e+06,2.013522310958680697e+06,1.159999999999999964e+01,-9.000000000000000000e+00,-2.750000000000000000e+01,4.000000000000000000e+00
2.838471555865056813e+06,2.032519140256437473e+06,8.500000000000000000e+00,-9.599999999999999645e+00,-3.000000000000000000e+01,4.000000000000000000e+00
2.929317768155640457e+06,1.863496074291951954e+06,1.030000000000000071e+01,-8.699999999999999289e+00,-3.169999999999999929e+01,4.000000000000000000e+00
3.038399939828913659e+06,1.870842088240975514e+06,6.799999999999999822e+00,-9.699999999999999289e+00,-2.550000000000000000e+01,4.000000000000000000e+00
2.881615167087513488e+06,1.888607468401697464e+06,1.050000000000000000e+01,-7.500000000000000000e+00,-2.210000000000000142e+01,4.000000000000000000e+00
3.296928022540797479e+06,1.821340208717790432e+06,5.500000000000000000e+00,-1.159999999999999964e+01,-2.580000000000000071e+01,4.000000000000000000e+00
3.146258967885054182e+06,1.775502539877571166e+06,7.200000000000000178e+00,-1.069999999999999929e+01,-3.189999999999999858e+01,4.000000000000000000e+00
2.935544681115583982e+06,2.010603705223112367e+06,9.099999999999999645e+00,-8.699999999999999289e+00,-2.239999999999999858e+01,4.000000000000000000e+00
2.902853388075886294e+06,1.964956110441601835e+06,8.500000000000000000e+00,-9.199999999999999289e+00,-3.039999999999999858e+01,4.000000000000000000e+00
3.325727494980529882e+06,1.631842475888983347e+06,1.019999999999999929e+01,-8.099999999999999645e+00,-2.710000000000000142e+01,4.000000000000000000e+00
3.319611776894872077e+06,1.828826578921758570e+06,4.500000000000000000e+00,-1.230000000000000071e+01,-3.100000000000000000e+01,4.000000000000000000e+00
2.979355461583747063e+06,1.890224433158668689e+06,8.599999999999999645e+00,-9.300000000000000711e+00,-3.100000000000000000e+01,4.000000000000000000e+00
2.815120632265272550e+06,1.892021438830061816e+06,1.369999999999999929e+01,-7.099999999999999645e+00,-2.800000000000000000e+01,4.000000000000000000e+00
2.936545434984146152e+06,1.920467141445725225e+06,9.099999999999999645e+00,-8.300000000000000711e+00,-2.750000000000000000e+01,4.000000000000000000e+00
2.889621198036009446e+06,1.667610767065818422e+06,1.619999999999999929e+01,-4.000000000000000000e+00,-2.050000000000000000e+01,4.000000000000000000e+00
3.080098017685669009e+06,1.544038449843478389e+06,1.680000000000000071e+01,-3.700000000000000178e+00,-2.210000000000000142e+01,4.000000000000000000e+00
2.977353953846622724e+06,1.583063376634611748e+06,1.630000000000000071e+01,-4.200000000000000178e+00,-2.369999999999999929e+01,4.000000000000000000e+00
3.061750863428696059e+06,1.734502299008731730e+06,9.900000000000000355e+00,-8.400000000000000355e+00,-2.969999999999999929e+01,4.000000000000000000e+00
2.874165110510439146e+06,1.701778684901080094e+06,1.630000000000000071e+01,-4.900000000000000355e+00,-2.410000000000000142e+01,4.000000000000000000e+00
2.996701861972158309e+06,1.503995022758397274e+06,1.490000000000000036e+01,-2.899999999999999911e+00,-2.239999999999999858e+01,4.000000000000000000e+00
3.174613660827647429e+06,1.532676177513070405e+06,1.480000000000000071e+01,-4.799999999999999822e+00,-2.369999999999999929e+01,4.000000000000000000e+00
3.182063717404721770e+06,1.555588730732493103e+06,1.480000000000000071e+01,-4.900000000000000355e+00,-2.219999999999999929e+01,4.000000000000000000e+00
2.911415393395808060e+06,1.512571880895795301e+06,1.450000000000000000e+01,-2.200000000000000178e+00,-2.100000000000000000e+01,4.000000000000000000e+00
3.130246905988059472e+06,1.675133072416764684e+06,9.599999999999999645e+00,-8.099999999999999645e+00,-2.960000000000000142e+01,4.000000000000000000e+00
2.889621198036009446e+06,1.775148211270324886e+06,1.490000000000000036e+01,-4.599999999999999645e+00,-1.980000000000000071e+01,4.000000000000000000e+00
2.889510003161725588e+06,1.772668340457674116e+06,1.450000000000000000e+01,-4.900000000000000355e+00,-2.069999999999999929e+01,4.000000000000000000e+00
2.970459871640972793e+06,1.441478213530549780e+06,1.580000000000000071e+01,-1.500000000000000000e+00,-2.100000000000000000e+01,4.000000000000000000e+00
2.960452332955351099e+06,1.407511392039664090e+06,1.600000000000000000e+01,-2.299999999999999822e+00,-1.869999999999999929e+01,0.000000000000000000e+00
2.963343399686754216e+06,1.627491050384681672e+06,1.789999999999999858e+01,-4.700000000000000178e+00,-2.339999999999999858e+01,4.000000000000000000e+00
2.931208081018480938e+06,1.579256441311420873e+06,1.700000000000000000e+01,-3.399999999999999911e+00,-2.469999999999999929e+01,4.000000000000000000e+00
2.866381469310512301e+06,1.766825901376512833e+06,1.369999999999999929e+01,-4.700000000000000178e+00,-1.889999999999999858e+01,4.000000000000000000e+00
3.065309099405805115e+06,1.610281813658193685e+06,1.540000000000000036e+01,-5.000000000000000000e+00,-2.180000000000000071e+01,4.000000000000000000e+00
3.218646831044381019e+06,1.501595076868423261e+06,1.710000000000000142e+01,-5.799999999999999822e+00,-2.639999999999999858e+01,4.000000000000000000e+00
3.109787049119678326e+06,1.544038449843478389e+06,1.630000000000000071e+01,-3.700000000000000178e+00,-1.889999999999999858e+01,4.000000000000000000e+00
3.170610645353398751e+06,1.489605653613597155e+06,1.540000000000000036e+01,-4.799999999999999822e+00,-2.510000000000000142e+01,4.000000000000000000e+00
2.960118748332497198e+06,1.541626977691703476e+06,1.619999999999999929e+01,-2.600000000000000089e+00,-2.230000000000000071e+01,4.000000000000000000e+00
3.008822103269187734e+06,1.741733133742709644e+06,1.100000000000000000e+01,-7.200000000000000178e+00,-2.269999999999999929e+01,4.000000000000000000e+00
3.143145511405082420e+06,1.556796400447371416e+06,1.719999999999999929e+01,-4.799999999999999822e+00,-2.600000000000000000e+01,4.000000000000000000e+00
3.031950637120401487e+06,1.561283564085775055e+06,1.610000000000000142e+01,-3.399999999999999911e+00,-1.980000000000000071e+01,4.000000000000000000e+00
3.306824366352133919e+06,1.576661802437813021e+06,1.240000000000000036e+01,-6.200000000000000178e+00,-2.619999999999999929e+01,4.000000000000000000e+00
3.024611775417611934e+06,1.514803305165811442e+06,1.610000000000000142e+01,-3.200000000000000178e+00,-2.469999999999999929e+01,4.000000000000000000e+00
3.028058816520437598e+06,1.525969369250110351e+06,1.710000000000000142e+01,-2.500000000000000000e+00,-2.330000000000000071e+01,4.000000000000000000e+00
3.030060324257561937e+06,1.523906818843286484e+06,1.630000000000000071e+01,-2.799999999999999822e+00,-2.319999999999999929e+01,4.000000000000000000e+00
3.255674724181179889e+06,1.581851889954448678e+06,1.369999999999999929e+01,-5.900000000000000355e+00,-2.550000000000000000e+01,4.000000000000000000e+00
3.256119503678319044e+06,1.582890296300199814e+06,1.490000000000000036e+01,-6.000000000000000000e+00,-2.719999999999999929e+01,4.000000000000000000e+00
2.963454594561037607e+06,1.695810995998646133e+06,1.369999999999999929e+01,-6.299999999999999822e+00,-2.480000000000000071e+01,4.000000000000000000e+00
2.880058438847526908e+06,1.818846278828876093e+06,1.440000000000000036e+01,-5.299999999999999822e+00,-2.189999999999999858e+01,4.000000000000000000e+00
2.891400316024564672e+06,1.496112068140458316e+06,1.350000000000000000e+01,-2.399999999999999911e+00,-2.269999999999999929e+01,4.000000000000000000e+00
2.890510757030287758e+06,1.496283357834930532e+06,1.340000000000000036e+01,-2.500000000000000000e+00,-2.289999999999999858e+01,4.000000000000000000e+00
3.004151918549230788e+06,1.684063777401927859e+06,1.500000000000000000e+01,-6.400000000000000355e+00,-2.450000000000000000e+01,4.000000000000000000e+00
3.037510380834634881e+06,1.489605653613597155e+06,1.600000000000000000e+01,-2.799999999999999822e+00,-2.260000000000000142e+01,4.000000000000000000e+00
3.146703747382193338e+06,1.624533386370398104e+06,1.250000000000000000e+01,-6.599999999999999645e+00,-2.819999999999999929e+01,4.000000000000000000e+00
3.107896736256839242e+06,1.723932053998870775e+06,9.500000000000000000e+00,-1.000000000000000000e+01,-3.119999999999999929e+01,4.000000000000000000e+00
3.233880528821382672e+06,1.564218786311814561e+06,1.490000000000000036e+01,-5.599999999999999645e+00,-2.360000000000000142e+01,4.000000000000000000e+00
3.004263113423516043e+06,1.793771244232517667e+06,1.009999999999999964e+01,-7.099999999999999645e+00,-2.089999999999999858e+01,4.000000000000000000e+00
2.904076531693018973e+06,1.610281813658193685e+06,1.509999999999999964e+01,-3.000000000000000000e+00,-1.850000000000000000e+01,4.000000000000000000e+00
2.970793456263827160e+06,1.759219274785256013e+06,1.059999999999999964e+01,-7.000000000000000000e+00,-2.350000000000000000e+01,4.000000000000000000e+00
3.099668315559773240e+06,1.542660380400228314e+06,1.650000000000000000e+01,-6.400000000000000355e+00,-2.000000000000000000e+01,4.000000000000000000e+00
3.017495303463393357e+06,1.631320184079147875e+06,1.680000000000000071e+01,-4.900000000000000355e+00,-2.160000000000000142e+01,4.000000000000000000e+00
3.098667561691211071e+06,1.587218386156710796e+06,1.700000000000000000e+01,-5.000000000000000000e+00,-2.169999999999999929e+01,4.000000000000000000e+00
2.810895227042455226e+06,1.801054629089969210e+06,1.450000000000000000e+01,-5.000000000000000000e+00,-2.250000000000000000e+01,4.000000000000000000e+00
3.100446679679764900e+06,1.492515793425298296e+06,1.469999999999999929e+01,-3.600000000000000089e+00,-2.110000000000000142e+01,4.000000000000000000e+00
2.895403331498813350e+06,1.705642437082316726e+06,1.600000000000000000e+01,-4.700000000000000178e+00,-2.200000000000000000e+01,4.000000000000000000e+00
3.022610267680489458e+06,1.415820615344785154e+06,1.540000000000000036e+01,-2.700000000000000178e+00,-2.019999999999999929e+01,4.000000000000000000e+00
3.260456103775422089e+06,1.469262906864120625e+06,1.450000000000000000e+01,-6.299999999999999822e+00,-2.860000000000000142e+01,4.000000000000000000e+00
3.152152296222141944e+06,1.430593927979474887e+06,1.669999999999999929e+01,-3.299999999999999822e+00,-2.330000000000000071e+01,4.000000000000000000e+00
3.107896736256839242e+06,1.429914126977274194e+06,1.719999999999999929e+01,-3.799999999999999822e+00,-2.389999999999999858e+01,4.000000000000000000e+00
3.283918222249489278e+06,1.427195471345191821e+06,1.300000000000000000e+01,-6.000000000000000000e+00,-2.630000000000000071e+01,4.000000000000000000e+00
3.210640800095883664e+06,1.445563451697687618e+06,1.480000000000000071e+01,-4.400000000000000355e+00,-2.500000000000000000e+01,4.000000000000000000e+00
2.718492286511884537e+06,1.787558852760542184e+06,9.900000000000000355e+00,-2.500000000000000000e+00,-2.119999999999999929e+01,4.000000000000000000e+00
2.871607628401891794e+06,1.487038722138458863e+06,1.200000000000000000e+01,-2.299999999999999822e+00,-2.380000000000000071e+01,4.000000000000000000e+00
2.772421800539956428e+06,1.768064858310810290e+06,1.350000000000000000e+01,-3.399999999999999911e+00,-2.430000000000000071e+01,4.000000000000000000e+00
2.837470801996494643e+06,1.514459970367946662e+06,1.130000000000000071e+01,-2.200000000000000178e+00,-2.080000000000000071e+01,4.000000000000000000e+00
2.442951388034445234e+06,2.101024730517221615e+06,1.000000000000000000e+01,-4.200000000000000178e+00,-2.160000000000000142e+01,4.000000000000000000e+00
2.775980036517065950e+06,1.758335241503302939e+06,1.400000000000000000e+01,-2.799999999999999822e+00,-2.100000000000000000e+01,4.000000000000000000e+00
2.766528472202867270e+06,1.702832255638398230e+06,9.000000000000000000e+00,-4.799999999999999822e+00,-2.000000000000000000e+01,4.000000000000000000e+00
2.664229187860960606e+06,2.021371321037305519e+06,1.350000000000000000e+01,-5.400000000000000355e+00,-2.239999999999999858e+01,4.000000000000000000e+00
2.844809663699283730e+06,1.642469563451088965e+06,1.130000000000000071e+01,-4.500000000000000000e+00,-2.530000000000000071e+01,4.000000000000000000e+00
2.912304952390084974e+06,1.429574247045620345e+06,1.380000000000000071e+01,-2.200000000000000178e+00,-2.589999999999999858e+01,4.000000000000000000e+00
2.758744831002940424e+06,1.743321243246329017e+06,5.299999999999999822e+00,-6.099999999999999645e+00,-1.869999999999999929e+01,4.000000000000000000e+00
2.959785163709643297e+06,2.422689488975343294e+06,8.099999999999999645e+00,-1.080000000000000071e+01,-2.639999999999999858e+01,4.000000000000000000e+00
3.021720708686210681e+06,2.450982089015750214e+06,7.099999999999999645e+00,-1.259999999999999964e+01,-3.279999999999999716e+01,4.000000000000000000e+00
2.841251427722174209e+06,2.319626832327268086e+06,1.130000000000000071e+01,-9.599999999999999645e+00,-2.689999999999999858e+01,4.000000000000000000e+00
2.461076152542848140e+06,2.179617703940213658e+06,1.200000000000000000e+01,-6.299999999999999822e+00,-2.350000000000000000e+01,4.000000000000000000e+00
3.149261229490740690e+06,2.326455720060254447e+06,1.240000000000000036e+01,-9.199999999999999289e+00,-2.980000000000000071e+01,4.000000000000000000e+00
2.896626475115944631e+06,2.361833171165316366e+06,6.900000000000000355e+00,-1.180000000000000071e+01,-3.100000000000000000e+01,4.000000000000000000e+00
2.616971366289971396e+06,2.222390789740415290e+06,9.000000000000000000e+00,-8.300000000000000711e+00,-2.600000000000000000e+01,4.000000000000000000e+00
2.618305704781387467e+06,2.222578078934343532e+06,1.290000000000000036e+01,-7.599999999999999645e+00,-2.819999999999999929e+01,4.000000000000000000e+00
2.781762169979868457e+06,2.226324793577788398e+06,1.400000000000000000e+01,-5.000000000000000000e+00,-2.500000000000000000e+01,4.000000000000000000e+00
2.766083692705729511e+06,2.221267147602903657e+06,1.180000000000000071e+01,-7.799999999999999822e+00,-2.519999999999999929e+01,4.000000000000000000e+00
2.805557873076790478e+06,2.379581890890007839e+06,1.219999999999999929e+01,-9.199999999999999289e+00,-2.650000000000000000e+01,4.000000000000000000e+00
3.200966846033117734e+06,2.820015444333953783e+06,2.899999999999999911e+00,-1.760000000000000142e+01,-3.960000000000000142e+01,4.000000000000000000e+00
3.199854897290270310e+06,2.820419993202332407e+06,-2.799999999999999822e+00,-1.819999999999999929e+01,-3.850000000000000000e+01,2.000000000000000000e+00
2.396583125457733404e+06,2.262948576026266441e+06,9.400000000000000355e+00,-7.700000000000000178e+00,-2.789999999999999858e+01,4.000000000000000000e+00
2.615414638049986213e+06,2.570281276310060173e+06,8.300000000000000711e+00,-9.900000000000000355e+00,-2.750000000000000000e+01,4.000000000000000000e+00
2.941882788949809503e+06,2.458505542064651847e+06,7.099999999999999645e+00,-1.150000000000000000e+01,-3.069999999999999929e+01,4.000000000000000000e+00
3.110787802988240495e+06,2.448475883577459492e+06,8.099999999999999645e+00,-1.319999999999999929e+01,-3.000000000000000000e+01,4.000000000000000000e+00
3.162493419530617539e+06,2.899311789105447941e+06,2.899999999999999911e+00,-1.669999999999999929e+01,-3.600000000000000000e+01,4.000000000000000000e+00
3.146814942256477196e+06,2.396796440368884243e+06,6.799999999999999822e+00,-1.430000000000000071e+01,-3.239999999999999858e+01,4.000000000000000000e+00
2.804668314082513098e+06,2.550140126172785647e+06,7.700000000000000178e+00,-1.069999999999999929e+01,-2.500000000000000000e+01,4.000000000000000000e+00
2.804668314082513098e+06,2.550140126172785647e+06,7.000000000000000000e+00,-1.100000000000000000e+01,-2.550000000000000000e+01,4.000000000000000000e+00
2.944440271058358252e+06,2.358593120204304345e+06,6.400000000000000355e+00,-1.130000000000000071e+01,-2.560000000000000142e+01,4.000000000000000000e+00
2.692695075677838642e+06,2.328163869099123403e+06,1.230000000000000071e+01,-8.199999999999999289e+00,-2.300000000000000000e+01,4.000000000000000000e+00
2.692361491054984741e+06,2.328923165603944100e+06,1.159999999999999964e+01,-8.599999999999999645e+00,-2.400000000000000000e+01,4.000000000000000000e+00
2.407591418011916801e+06,2.186326595923124813e+06,9.400000000000000355e+00,-6.700000000000000178e+00,-2.650000000000000000e+01,4.000000000000000000e+00
2.291059189761571120e+06,2.531414806203940883e+06,1.040000000000000036e+01,-8.000000000000000000e+00,-2.710000000000000142e+01,4.000000000000000000e+00
2.458963449931439944e+06,2.712959367164955474e+06,6.799999999999999822e+00,-1.059999999999999964e+01,-2.439999999999999858e+01,4.000000000000000000e+00
2.458852255057154689e+06,2.651374762166399509e+06,7.500000000000000000e+00,-1.059999999999999964e+01,-2.689999999999999858e+01,4.000000000000000000e+00
3.287031678729461040e+06,3.306633353816242889e+06,-4.500000000000000000e+00,-2.280000000000000071e+01,-3.900000000000000000e+01,2.000000000000000000e+00
2.397472684452011716e+06,2.705582955894702114e+06,6.799999999999999822e+00,-1.090000000000000036e+01,-2.700000000000000000e+01,4.000000000000000000e+00
3.211641553964445833e+06,3.260599715705284849e+06,-3.000000000000000000e+00,-2.250000000000000000e+01,-4.029999999999999716e+01,2.000000000000000000e+00
3.211641553964445833e+06,3.260599715705284849e+06,-3.200000000000000178e+00,-2.280000000000000071e+01,-4.079999999999999716e+01,2.000000000000000000e+00
2.664229187860960606e+06,3.178491154180175625e+06,3.100000000000000089e+00,-1.780000000000000071e+01,-3.439999999999999858e+01,4.000000000000000000e+00
2.347879770521042403e+06,2.528103570408071391e+06,7.799999999999999822e+00,-9.699999999999999289e+00,-3.050000000000000000e+01,4.000000000000000000e+00
2.524346036010832060e+06,2.945233353229862638e+06,7.200000000000000178e+00,-1.480000000000000071e+01,-3.589999999999999858e+01,4.000000000000000000e+00
2.539134954290694091e+06,3.229569597871171311e+06,4.299999999999999822e+00,-1.789999999999999858e+01,-3.700000000000000000e+01,4.000000000000000000e+00
2.539134954290694091e+06,3.229356044657235965e+06,4.400000000000000355e+00,-1.860000000000000142e+01,-3.800000000000000000e+01,2.000000000000000000e+00
2.544138723633504938e+06,2.672178874980412424e+06,6.000000000000000000e+00,-1.069999999999999929e+01,-2.619999999999999929e+01,4.000000000000000000e+00
2.630537140952702146e+06,3.134081832642260939e+06,2.899999999999999911e+00,-1.819999999999999929e+01,-3.610000000000000142e+01,2.000000000000000000e+00
2.306737667035711464e+06,2.575373742973525077e+06,7.500000000000000000e+00,-8.400000000000000355e+00,-2.889999999999999858e+01,4.000000000000000000e+00
2.507333220245276578e+06,2.885630138331889175e+06,6.900000000000000355e+00,-1.490000000000000036e+01,-3.130000000000000071e+01,4.000000000000000000e+00
2.252252178636217024e+06,2.752153185736162588e+06,7.700000000000000178e+00,-1.000000000000000000e+01,-3.039999999999999858e+01,4.000000000000000000e+00
2.507666804868130945e+06,2.734731189131095074e+06,6.500000000000000000e+00,-1.150000000000000000e+01,-2.930000000000000071e+01,4.000000000000000000e+00
2.413707136097573675e+06,2.614462168345820159e+06,1.050000000000000000e+01,-7.000000000000000000e+00,-3.119999999999999929e+01,4.000000000000000000e+00
2.748959682065887377e+06,2.800017038365738466e+06,1.000000000000000000e+01,-1.350000000000000000e+01,-3.350000000000000000e+01,4.000000000000000000e+00
2.372009058240818325e+06,2.645243327445373870e+06,8.500000000000000000e+00,-1.019999999999999929e+01,-2.769999999999999929e+01,4.000000000000000000e+00
2.296730128350089770e+06,2.704586686978980899e+06,8.599999999999999645e+00,-9.800000000000000711e+00,-2.519999999999999929e+01,4.000000000000000000e+00
2.475086706702718511e+06,2.382448355847415514e+06,1.300000000000000000e+01,-6.900000000000000355e+00,-2.900000000000000000e+01,4.000000000000000000e+00
2.309517538892827462e+06,2.629048172344923019e+06,1.169999999999999929e+01,-8.000000000000000000e+00,-2.460000000000000142e+01,4.000000000000000000e+00
2.400919725554835983e+06,2.561670880545236170e+06,5.700000000000000178e+00,-1.030000000000000071e+01,-3.110000000000000142e+01,4.000000000000000000e+00
2.535354328565015923e+06,2.512151535110691562e+06,9.000000000000000000e+00,-8.400000000000000355e+00,-2.780000000000000071e+01,4.000000000000000000e+00
2.905966844555858057e+06,3.248600359339615330e+06,2.100000000000000089e+00,-2.010000000000000142e+01,-3.939999999999999858e+01,2.000000000000000000e+00
3.304378079117870424e+06,2.380919444011031650e+06,7.000000000000000000e+00,-1.459999999999999964e+01,-3.089999999999999858e+01,4.000000000000000000e+00
3.239329077661332674e+06,2.371370498473259620e+06,6.599999999999999645e+00,-1.480000000000000071e+01,-3.550000000000000000e+01,4.000000000000000000e+00
3.924067113506399561e+06,1.613408109704351984e+06,5.000000000000000000e-01,-1.610000000000000142e+01,-3.400000000000000000e+01,3.000000000000000000e+00
4.161912949601332191e+06,1.642469563451088965e+06,-9.000000000000000222e-01,-1.780000000000000071e+01,-3.379999999999999716e+01,3.000000000000000000e+00
3.849232963112808764e+06,1.674258033351164311e+06,1.500000000000000000e+00,-1.569999999999999929e+01,-3.200000000000000000e+01,4.000000000000000000e+00
3.973326442814513110e+06,1.726925576050321572e+06,-3.000000000000000000e+00,-1.839999999999999858e+01,-3.600000000000000000e+01,3.000000000000000000e+00
3.906609518243703526e+06,1.785784750566301867e+06,-1.000000000000000000e+00,-1.639999999999999858e+01,-3.000000000000000000e+01,3.000000000000000000e+00
4.117879779384598136e+06,1.444201485250353813e+06,3.399999999999999911e+00,-1.459999999999999964e+01,-2.719999999999999929e+01,4.000000000000000000e+00
4.117990974258883391e+06,1.443009945429048501e+06,2.000000000000000111e-01,-1.600000000000000000e+01,-3.620000000000000284e+01,3.000000000000000000e+00
4.117879779384598136e+06,1.444201485250353813e+06,4.000000000000000000e+00,-1.530000000000000071e+01,-3.579999999999999716e+01,3.000000000000000000e+00
4.041933680248160381e+06,1.674258033351164311e+06,-1.100000000000000089e+00,-1.739999999999999858e+01,-3.229999999999999716e+01,3.000000000000000000e+00
4.030480608196838759e+06,1.798922234439966269e+06,-1.000000000000000000e+00,-1.869999999999999929e+01,-3.400000000000000000e+01,3.000000000000000000e+00
4.143899379967213143e+06,1.613234395668998361e+06,-1.399999999999999911e+00,-1.700000000000000000e+01,-3.279999999999999716e+01,3.000000000000000000e+00
4.256873372240449302e+06,1.735736380943323486e+06,5.000000000000000000e-01,-1.950000000000000000e+01,-3.600000000000000000e+01,3.000000000000000000e+00
3.864021881392670795e+06,1.827400073433964513e+06,5.999999999999999778e-01,-1.760000000000000142e+01,-3.629999999999999716e+01,3.000000000000000000e+00
3.932629118826319929e+06,1.932017955196161754e+06,1.000000000000000000e+00,-1.900000000000000000e+01,-3.650000000000000000e+01,3.000000000000000000e+00
4.015358105294122361e+06,1.780287478426483460e+06,-5.000000000000000000e-01,-1.789999999999999858e+01,-3.100000000000000000e+01,3.000000000000000000e+00
3.831997757598683238e+06,1.636196189519645646e+06,3.700000000000000178e+00,-1.430000000000000071e+01,-3.289999999999999858e+01,4.000000000000000000e+00
3.891820599963841494e+06,1.992386382091731764e+06,1.000000000000000000e+00,-1.960000000000000142e+01,-3.300000000000000000e+01,4.000000000000000000e+00
4.212395422526576556e+06,1.461241940557273105e+06,-5.000000000000000000e-01,-1.739999999999999858e+01,-3.550000000000000000e+01,3.000000000000000000e+00
4.004905787111361511e+06,1.677233544931192882e+06,0.000000000000000000e+00,-1.619999999999999929e+01,-3.000000000000000000e+01,3.000000000000000000e+00
3.928848493100639898e+06,1.653808553995284252e+06,-1.000000000000000056e-01,-1.660000000000000142e+01,-3.429999999999999716e+01,3.000000000000000000e+00
3.847342650249968283e+06,1.872096949872242287e+06,4.000000000000000222e-01,-1.750000000000000000e+01,-3.539999999999999858e+01,3.000000000000000000e+00
3.982666812254425138e+06,1.546967603609161451e+06,1.000000000000000000e+00,-1.450000000000000000e+01,-3.300000000000000000e+01,3.000000000000000000e+00
4.173810801149792969e+06,1.800343769013111480e+06,-5.999999999999999778e-01,-1.930000000000000071e+01,-3.329999999999999716e+01,3.000000000000000000e+00
4.174033190898361616e+06,1.800343769013111480e+06,-2.999999999999999889e-01,-1.919999999999999929e+01,-3.320000000000000284e+01,3.000000000000000000e+00
4.199496817109554075e+06,1.788800953393458389e+06,-1.000000000000000000e+00,-2.010000000000000142e+01,-3.600000000000000000e+01,3.000000000000000000e+00
3.980776499391586054e+06,1.890044754488604143e+06,-4.000000000000000222e-01,-1.819999999999999929e+01,-3.229999999999999716e+01,3.000000000000000000e+00
4.025254449105459265e+06,1.526828915561015718e+06,2.000000000000000111e-01,-1.590000000000000036e+01,-3.379999999999999716e+01,3.000000000000000000e+00
3.786630248890533112e+06,1.531816029234714806e+06,6.500000000000000000e+00,-1.240000000000000036e+01,-2.980000000000000071e+01,4.000000000000000000e+00
3.634849245491942391e+06,1.723755998425099999e+06,3.000000000000000000e+00,-1.340000000000000036e+01,-3.400000000000000000e+01,4.000000000000000000e+00
3.715799113971190993e+06,1.776920007747693919e+06,1.800000000000000044e+00,-1.580000000000000071e+01,-3.220000000000000284e+01,4.000000000000000000e+00
3.719468544822585769e+06,1.782946987426458858e+06,4.500000000000000000e+00,-1.509999999999999964e+01,-3.300000000000000000e+01,4.000000000000000000e+00
3.652751620251776185e+06,1.744556652084396221e+06,2.000000000000000000e+00,-1.459999999999999964e+01,-3.130000000000000071e+01,4.000000000000000000e+00
3.395224291408455931e+06,1.561801469312445261e+06,1.319999999999999929e+01,-7.299999999999999822e+00,-3.039999999999999858e+01,4.000000000000000000e+00
3.640186599457607139e+06,1.780642029670269229e+06,2.000000000000000000e+00,-1.440000000000000036e+01,-3.050000000000000000e+01,4.000000000000000000e+00
3.580474951966734137e+06,1.683012604085576721e+06,5.000000000000000000e+00,-1.109999999999999964e+01,-2.900000000000000000e+01,4.000000000000000000e+00
3.592595193263764028e+06,1.629231346218182705e+06,6.200000000000000178e+00,-1.180000000000000071e+01,-2.739999999999999858e+01,4.000000000000000000e+00
3.587925008543807082e+06,1.624881292038243264e+06,6.500000000000000000e+00,-1.109999999999999964e+01,-2.639999999999999858e+01,4.000000000000000000e+00
3.391332470808490645e+06,1.737323330354460515e+06,6.000000000000000000e+00,-1.159999999999999964e+01,-3.019999999999999929e+01,4.000000000000000000e+00
3.435921615396649111e+06,1.429914126977274194e+06,8.000000000000000000e+00,-6.400000000000000355e+00,-2.350000000000000000e+01,4.000000000000000000e+00
3.834332849958661478e+06,1.427195471345191821e+06,8.500000000000000000e+00,-1.230000000000000071e+01,-3.400000000000000000e+01,4.000000000000000000e+00
3.838113475684339646e+06,1.415820615344785154e+06,7.700000000000000178e+00,-1.130000000000000071e+01,-3.329999999999999716e+01,4.000000000000000000e+00
3.389886937442790717e+06,1.516691898582852446e+06,1.119999999999999929e+01,-7.700000000000000178e+00,-2.489999999999999858e+01,4.000000000000000000e+00
3.448264246442247648e+06,1.481907216009550728e+06,8.900000000000000355e+00,-8.500000000000000000e+00,-2.839999999999999858e+01,4.000000000000000000e+00
3.666762174411646556e+06,1.424138031793478876e+06,7.200000000000000178e+00,-9.599999999999999645e+00,-3.139999999999999858e+01,4.000000000000000000e+00
3.782960818039138336e+06,1.435864246840052307e+06,6.599999999999999645e+00,-1.100000000000000000e+01,-2.889999999999999858e+01,4.000000000000000000e+00
3.604270655063656159e+06,1.417178000666949898e+06,9.400000000000000355e+00,-8.500000000000000000e+00,-3.529999999999999716e+01,4.000000000000000000e+00
3.512979663275932893e+06,1.805498907085024752e+06,3.000000000000000000e+00,-1.419999999999999929e+01,-2.950000000000000000e+01,4.000000000000000000e+00
3.424802127968179993e+06,2.198267536284274422e+06,6.000000000000000000e+00,-1.669999999999999929e+01,-3.750000000000000000e+01,4.000000000000000000e+00
3.426914830579589587e+06,1.844892002240101807e+06,2.799999999999999822e+00,-1.390000000000000036e+01,-3.110000000000000142e+01,4.000000000000000000e+00
3.529770089292919263e+06,2.072669817313129082e+06,3.700000000000000178e+00,-1.650000000000000000e+01,-3.320000000000000284e+01,4.000000000000000000e+00
3.531104427784335800e+06,2.072118446105998009e+06,1.899999999999999911e+00,-1.669999999999999929e+01,-3.270000000000000284e+01,4.000000000000000000e+00
3.567465151675425936e+06,1.854188718819814734e+06,2.500000000000000000e+00,-1.540000000000000036e+01,-3.200000000000000000e+01,4.000000000000000000e+00
3.465388257082089782e+06,1.997300994834314100e+06,2.899999999999999911e+00,-1.569999999999999929e+01,-3.370000000000000284e+01,4.000000000000000000e+00
3.402007178739820607e+06,2.138926848445755430e+06,3.600000000000000089e+00,-1.500000000000000000e+01,-2.989999999999999858e+01,4.000000000000000000e+00
3.936298549677714240e+06,2.080944948866818100e+06,0.000000000000000000e+00,-1.930000000000000071e+01,-3.529999999999999716e+01,3.000000000000000000e+00
3.663871107680245303e+06,1.839176220010608435e+06,2.899999999999999911e+00,-1.490000000000000036e+01,-3.400000000000000000e+01,4.000000000000000000e+00
3.875141368821138516e+06,2.007686158893217333e+06,0.000000000000000000e+00,-1.919999999999999929e+01,-3.660000000000000142e+01,3.000000000000000000e+00
3.816986449570250697e+06,2.154324007833942771e+06,1.699999999999999956e+00,-1.950000000000000000e+01,-4.110000000000000142e+01,4.000000000000000000e+00
3.700676611068475060e+06,1.963505451763287187e+06,1.500000000000000000e+00,-1.739999999999999858e+01,-3.529999999999999716e+01,4.000000000000000000e+00
3.377433111522905529e+06,2.365265272813825868e+06,6.000000000000000000e+00,-1.769999999999999929e+01,-3.700000000000000000e+01,4.000000000000000000e+00
3.511422935035946313e+06,2.657907141297321767e+06,-8.000000000000000444e-01,-1.889999999999999858e+01,-3.610000000000000142e+01,2.000000000000000000e+00
3.949308349969021045e+06,3.115339838775770739e+06,-7.000000000000000000e+00,-2.639999999999999858e+01,-3.900000000000000000e+01,2.000000000000000000e+00
4.038820223768190015e+06,3.146109783976470120e+06,-6.200000000000000178e+00,-2.580000000000000071e+01,-4.250000000000000000e+01,2.000000000000000000e+00
4.036373936533926520e+06,3.136401513979883865e+06,-8.199999999999999289e+00,-2.650000000000000000e+01,-3.850000000000000000e+01,2.000000000000000000e+00
4.186487016818247270e+06,2.597152446952165104e+06,-2.100000000000000089e+00,-2.310000000000000142e+01,-3.939999999999999858e+01,2.000000000000000000e+00
3.340071633763252757e+06,2.475314848781468347e+06,5.400000000000000355e+00,-1.590000000000000036e+01,-3.300000000000000000e+01,4.000000000000000000e+00
3.825103675393033307e+06,2.942149542908429168e+06,-4.000000000000000000e+00,-2.600000000000000000e+01,-4.370000000000000284e+01,2.000000000000000000e+00
3.823213362530192360e+06,2.942149542908429168e+06,-4.000000000000000000e+00,-2.460000000000000142e+01,-4.250000000000000000e+01,2.000000000000000000e+00
3.823102167655908968e+06,2.943382916380585171e+06,-7.299999999999999822e+00,-2.550000000000000000e+01,-4.129999999999999716e+01,2.000000000000000000e+00
3.861797983906977810e+06,2.521485333999449387e+06,-1.699999999999999956e+00,-2.050000000000000000e+01,-3.660000000000000142e+01,2.000000000000000000e+00
3.862131568529831711e+06,2.522458250244636089e+06,-1.800000000000000044e+00,-2.089999999999999858e+01,-3.720000000000000284e+01,2.000000000000000000e+00
3.431696210173829924e+06,2.305418993740606122e+06,6.000000000000000000e+00,-1.619999999999999929e+01,-3.510000000000000142e+01,4.000000000000000000e+00
3.552676233395563904e+06,2.325317160183254629e+06,3.000000000000000000e+00,-1.860000000000000142e+01,-3.800000000000000000e+01,4.000000000000000000e+00
4.082742199110638816e+06,2.755963268066467717e+06,-2.700000000000000178e+00,-2.330000000000000071e+01,-3.939999999999999858e+01,2.000000000000000000e+00
3.608273670537904836e+06,2.182785085357719101e+06,2.399999999999999911e+00,-1.750000000000000000e+01,-3.710000000000000142e+01,4.000000000000000000e+00
3.798305710690425243e+06,3.364905459225321189e+06,-9.199999999999999289e+00,-2.750000000000000000e+01,-4.050000000000000000e+01,2.000000000000000000e+00
3.773175669102087151e+06,2.285948581626005471e+06,-6.999999999999999556e-01,-1.850000000000000000e+01,-3.180000000000000071e+01,4.000000000000000000e+00
3.500748227104618214e+06,2.326835276662740856e+06,3.299999999999999822e+00,-1.769999999999999929e+01,-3.910000000000000142e+01,4.000000000000000000e+00
3.504528852830296382e+06,3.434168825935319997e+06,-6.599999999999999645e+00,-2.589999999999999858e+01,-4.160000000000000142e+01,2.000000000000000000e+00
4.002125915254245512e+06,2.176451585382805206e+06,-7.500000000000000000e+00,-2.110000000000000142e+01,-3.970000000000000284e+01,2.000000000000000000e+00
4.003015474248522427e+06,2.176451585382805206e+06,1.199999999999999956e+00,-2.060000000000000142e+01,-3.960000000000000142e+01,3.000000000000000000e+00
4.190156447669641580e+06,2.080944948866818100e+06,8.000000000000000444e-01,-2.039999999999999858e+01,-3.770000000000000284e+01,3.000000000000000000e+00
4.021585018254064489e+06,2.038007359673580155e+06,-5.000000000000000000e-01,-1.969999999999999929e+01,-3.500000000000000000e+01,3.000000000000000000e+00
4.240194141097746789e+06,1.947022539556662552e+06,2.200000000000000000e+01,-1.919999999999999929e+01,-3.850000000000000000e+01,4.000000000000000000e+00
4.236524710246352479e+06,1.883938046510148793e+06,-5.000000000000000000e-01,-1.980000000000000071e+01,-3.650000000000000000e+01,3.000000000000000000e+00
4.526520942380800843e+06,1.454251175923094153e+06,-2.000000000000000000e+00,-1.719999999999999929e+01,-3.350000000000000000e+01,3.000000000000000000e+00
4.453132325352911837e+06,1.563010040101859719e+06,-1.000000000000000000e+00,-1.980000000000000071e+01,-3.710000000000000142e+01,3.000000000000000000e+00
4.453354715101480484e+06,1.561283564085775055e+06,-5.999999999999999778e-01,-1.939999999999999858e+01,-3.620000000000000284e+01,3.000000000000000000e+00
4.519293275552297011e+06,1.562319406746551394e+06,-9.000000000000000222e-01,-1.980000000000000071e+01,-3.620000000000000284e+01,3.000000000000000000e+00
4.550761424974862486e+06,1.503137820236349478e+06,-6.999999999999999556e-01,-1.869999999999999929e+01,-3.470000000000000284e+01,3.000000000000000000e+00
4.314027537622775882e+06,1.565945871049448848e+06,-1.000000000000000000e+00,-1.769999999999999929e+01,-3.500000000000000000e+01,3.000000000000000000e+00
4.638605375659759156e+06,1.561801469312445261e+06,-9.000000000000000222e-01,-1.789999999999999858e+01,-3.039999999999999858e+01,3.000000000000000000e+00
4.296236357737226412e+06,1.785784750566301867e+06,-1.399999999999999911e+00,-2.100000000000000000e+01,-3.760000000000000142e+01,3.000000000000000000e+00
4.557099532809088938e+06,1.483959441600861959e+06,-1.000000000000000000e+00,-1.739999999999999858e+01,-3.450000000000000000e+01,3.000000000000000000e+00
4.380633267319300212e+06,1.657649891972995363e+06,-1.899999999999999911e+00,-2.069999999999999929e+01,-3.589999999999999858e+01,3.000000000000000000e+00
4.343938958805355243e+06,1.551277052678908221e+06,0.000000000000000000e+00,-1.739999999999999858e+01,-3.400000000000000000e+01,3.000000000000000000e+00
4.454244274095759727e+06,1.692653381107630208e+06,-6.999999999999999556e-01,-2.050000000000000000e+01,-3.939999999999999858e+01,3.000000000000000000e+00
4.338156825342550874e+06,1.455103396941246465e+06,-5.000000000000000000e-01,-1.739999999999999858e+01,-3.429999999999999716e+01,3.000000000000000000e+00
4.634713555059796199e+06,1.475411812427685596e+06,-6.999999999999999556e-01,-1.730000000000000071e+01,-3.019999999999999929e+01,3.000000000000000000e+00
4.754915214161536656e+06,1.407341901207800955e+06,-2.500000000000000000e+00,-1.900000000000000000e+01,-3.210000000000000142e+01,3.000000000000000000e+00
4.719110464641869068e+06,1.412597700303846970e+06,-1.800000000000000044e+00,-1.780000000000000071e+01,-3.389999999999999858e+01,3.000000000000000000e+00
4.792387886795474216e+06,1.495598220073652454e+06,-3.000000000000000000e+00,-1.850000000000000000e+01,-3.310000000000000142e+01,3.000000000000000000e+00
4.691645330693553202e+06,1.580813613281172700e+06,-1.500000000000000000e+00,-1.830000000000000071e+01,-3.200000000000000000e+01,3.000000000000000000e+00
4.642386001385439187e+06,1.483959441600861959e+06,-5.000000000000000000e-01,-1.619999999999999929e+01,-3.000000000000000000e+01,3.000000000000000000e+00
4.660844350516695529e+06,1.439266203936143778e+06,-2.999999999999999889e-01,-1.680000000000000071e+01,-3.069999999999999929e+01,3.000000000000000000e+00
4.569553358728973195e+06,1.439776616094592959e+06,-1.500000000000000000e+00,-1.889999999999999858e+01,-3.460000000000000142e+01,3.000000000000000000e+00
4.937274807988413610e+06,1.411410620821225457e+06,-3.399999999999999911e+00,-1.860000000000000142e+01,-3.870000000000000284e+01,3.000000000000000000e+00
4.762810050235749222e+06,1.598828796538872644e+06,1.400000000000000000e+01,-1.780000000000000071e+01,-3.200000000000000000e+01,4.000000000000000000e+00
4.767035455458566546e+06,1.559212265144979581e+06,-2.500000000000000000e+00,-1.769999999999999929e+01,-2.969999999999999929e+01,3.000000000000000000e+00
4.666848873728068545e+06,1.492173371572255157e+06,-1.399999999999999911e+00,-1.780000000000000071e+01,-3.229999999999999716e+01,3.000000000000000000e+00
4.753692070544405840e+06,1.564218786311814561e+06,-3.100000000000000089e+00,-1.919999999999999929e+01,-3.350000000000000000e+01,3.000000000000000000e+00
4.772150419675662182e+06,1.741556696103393100e+06,-3.000000000000000000e+00,-2.019999999999999929e+01,-3.600000000000000000e+01,3.000000000000000000e+00
4.778933307007026859e+06,1.997300994834314100e+06,-5.099999999999999645e+00,-2.330000000000000071e+01,-3.860000000000000142e+01,3.000000000000000000e+00
4.712883551681927405e+06,2.081312931282005273e+06,-4.900000000000000355e+00,-2.289999999999999858e+01,-3.489999999999999858e+01,3.000000000000000000e+00
4.719666439013292082e+06,1.768064858310810290e+06,-2.200000000000000178e+00,-2.089999999999999858e+01,-3.710000000000000142e+01,3.000000000000000000e+00
4.783381101978414692e+06,1.688445109628874809e+06,-2.100000000000000089e+00,-1.930000000000000071e+01,-3.220000000000000284e+01,3.000000000000000000e+00
4.775819850527057424e+06,1.688795716842945665e+06,-2.200000000000000178e+00,-2.019999999999999929e+01,-3.520000000000000284e+01,3.000000000000000000e+00
4.527521696249363013e+06,2.143932295224769041e+06,-5.500000000000000000e+00,-2.019999999999999929e+01,-3.500000000000000000e+01,3.000000000000000000e+00
4.895131950634519570e+06,1.669359528669701889e+06,-4.000000000000000000e+00,-2.039999999999999858e+01,-3.610000000000000142e+01,3.000000000000000000e+00
4.718220905647591688e+06,1.790753207207554951e+06,-2.000000000000000000e+00,-2.000000000000000000e+01,-3.800000000000000000e+01,3.000000000000000000e+00
4.981863952576570213e+06,1.513773343057356775e+06,-4.500000000000000000e+00,-1.919999999999999929e+01,-3.750000000000000000e+01,3.000000000000000000e+00
4.529189619363633916e+06,2.149126455301145092e+06,-1.300000000000000044e+00,-2.139999999999999858e+01,-3.720000000000000284e+01,3.000000000000000000e+00
4.944502474816917442e+06,1.552656546992949210e+06,-4.500000000000000000e+00,-2.150000000000000000e+01,-3.900000000000000000e+01,3.000000000000000000e+00
4.829526974806558341e+06,1.700549689437029883e+06,-3.500000000000000000e+00,-1.950000000000000000e+01,-3.320000000000000284e+01,3.000000000000000000e+00
4.885346801697467454e+06,1.609239976787663996e+06,-3.399999999999999911e+00,-2.010000000000000142e+01,-3.689999999999999858e+01,3.000000000000000000e+00
4.441456863553020172e+06,1.771074534449550323e+06,2.000000000000000111e-01,-1.939999999999999858e+01,-3.610000000000000142e+01,3.000000000000000000e+00
4.441901643050159328e+06,1.771251608682710677e+06,2.999999999999999889e-01,-1.939999999999999858e+01,-3.600000000000000000e+01,3.000000000000000000e+00
4.395866965096301399e+06,1.771074534449550323e+06,-1.000000000000000056e-01,-2.030000000000000071e+01,-3.850000000000000000e+01,3.000000000000000000e+00
4.375518303102203645e+06,1.937980297176088206e+06,1.000000000000000000e+00,-1.850000000000000000e+01,-3.900000000000000000e+01,3.000000000000000000e+00
4.325702999422667548e+06,2.053211032603095286e+06,0.000000000000000000e+00,-1.889999999999999858e+01,-3.600000000000000000e+01,3.000000000000000000e+00
4.500056562301047146e+06,1.702656651150953025e+06,1.800000000000000044e+00,-1.810000000000000142e+01,-3.950000000000000000e+01,3.000000000000000000e+00
4.666070509608075954e+06,1.665337930661495775e+06,-2.799999999999999822e+00,-1.980000000000000071e+01,-3.239999999999999858e+01,3.000000000000000000e+00
4.310691691394235007e+06,1.952814892038847320e+06,1.000000000000000000e+00,-2.050000000000000000e+01,-3.720000000000000284e+01,3.000000000000000000e+00
4.260653997966128401e+06,2.431916618796682917e+06,-1.300000000000000044e+00,-2.230000000000000071e+01,-3.750000000000000000e+01,2.000000000000000000e+00
4.238415023109192960e+06,2.448090384979820810e+06,-1.500000000000000000e+00,-2.160000000000000142e+01,-3.400000000000000000e+01,2.000000000000000000e+00
4.326481363542661071e+06,2.296150369355042465e+06,-1.100000000000000089e+00,-2.160000000000000142e+01,-3.620000000000000284e+01,2.000000000000000000e+00
4.325480609674098901e+06,2.295394228259997442e+06,-1.100000000000000089e+00,-2.150000000000000000e+01,-3.550000000000000000e+01,2.000000000000000000e+00
5.107625355392545462e+06,3.254597622677683830e+06,-1.150000000000000000e+01,-2.789999999999999858e+01,-3.789999999999999858e+01,2.000000000000000000e+00
5.107514160518261604e+06,3.253312088552250527e+06,-1.190000000000000036e+01,-2.800000000000000000e+01,-3.810000000000000142e+01,2.000000000000000000e+00
4.666515289105215110e+06,2.403117939654298127e+06,-5.099999999999999645e+00,-2.269999999999999929e+01,-3.689999999999999858e+01,2.000000000000000000e+00
5.069263123764330521e+06,2.760979425335027277e+06,-5.900000000000000355e+00,-2.669999999999999929e+01,-3.770000000000000284e+01,2.000000000000000000e+00
5.042242769313152879e+06,2.274628724061830901e+06,-6.099999999999999645e+00,-2.460000000000000142e+01,-3.700000000000000000e+01,2.000000000000000000e+00
4.835865082640783861e+06,2.697019264360044152e+06,-5.900000000000000355e+00,-2.569999999999999929e+01,-4.089999999999999858e+01,2.000000000000000000e+00
4.328149286656931043e+06,2.863221002925432287e+06,-7.000000000000000000e+00,-2.489999999999999858e+01,-4.129999999999999716e+01,2.000000000000000000e+00
4.329150040525493212e+06,2.860373661796242930e+06,-7.099999999999999645e+00,-2.519999999999999929e+01,-4.239999999999999858e+01,2.000000000000000000e+00
4.687531120345020667e+06,2.293693176088279113e+06,-4.700000000000000178e+00,-2.380000000000000071e+01,-3.829999999999999716e+01,2.000000000000000000e+00
4.613252944322852418e+06,3.247529926980943419e+06,-1.000000000000000000e+01,-2.739999999999999858e+01,-4.020000000000000284e+01,2.000000000000000000e+00
4.614364893065700307e+06,3.249670945412934758e+06,-1.040000000000000036e+01,-2.789999999999999858e+01,-4.210000000000000142e+01,2.000000000000000000e+00
4.685418417733610608e+06,2.650781184178923257e+06,-6.099999999999999645e+00,-2.519999999999999929e+01,-4.060000000000000142e+01,2.000000000000000000e+00
6.401266522820525803e+06,2.101393638809177093e+06,-7.299999999999999822e+00,-2.660000000000000142e+01,-3.889999999999999858e+01,3.000000000000000000e+00
5.571196786285380833e+06,2.267279517685250379e+06,-9.099999999999999645e+00,-2.569999999999999929e+01,-3.720000000000000284e+01,2.000000000000000000e+00
5.571752760656804778e+06,2.266902819723508321e+06,-9.099999999999999645e+00,-2.589999999999999858e+01,-3.820000000000000284e+01,2.000000000000000000e+00
5.201585024163100868e+06,1.688445109628874809e+06,-4.799999999999999822e+00,-2.069999999999999929e+01,-3.579999999999999716e+01,3.000000000000000000e+00
5.818160602071657777e+06,2.693238347108366899e+06,-8.400000000000000355e+00,-2.669999999999999929e+01,-3.929999999999999716e+01,2.000000000000000000e+00
5.789249934757640585e+06,1.967495391185889952e+06,-6.599999999999999645e+00,-2.519999999999999929e+01,-4.160000000000000142e+01,3.000000000000000000e+00
5.363707150870165788e+06,2.196587255113433115e+06,-7.799999999999999822e+00,-2.560000000000000142e+01,-4.100000000000000000e+01,2.000000000000000000e+00
6.067570705092197284e+06,2.489834811853579246e+06,-9.800000000000000711e+00,-2.769999999999999929e+01,-4.220000000000000284e+01,2.000000000000000000e+00
5.535503231639998034e+06,1.833107594351877458e+06,-6.700000000000000178e+00,-2.330000000000000071e+01,-3.560000000000000142e+01,3.000000000000000000e+00
5.535948011137137190e+06,1.832572344392402098e+06,-6.700000000000000178e+00,-2.319999999999999929e+01,-3.629999999999999716e+01,3.000000000000000000e+00
5.137981556072263047e+06,1.765233232123663649e+06,-5.099999999999999645e+00,-2.189999999999999858e+01,-3.600000000000000000e+01,3.000000000000000000e+00
5.187908054626085795e+06,2.126519495607712306e+06,-7.400000000000000355e+00,-2.400000000000000000e+01,-3.810000000000000142e+01,2.000000000000000000e+00
5.118633647946729325e+06,1.345367019604096189e+06,-7.000000000000000000e+00,-1.939999999999999858e+01,-3.900000000000000000e+01,3.000000000000000000e+00
5.378718458898598328e+06,1.366930762566091493e+06,-4.500000000000000000e+00,-2.169999999999999929e+01,-3.929999999999999716e+01,3.000000000000000000e+00
5.177344541569041088e+06,1.348396110697292723e+06,-3.100000000000000089e+00,-1.980000000000000071e+01,-3.929999999999999716e+01,3.000000000000000000e+00
5.268079558985339478e+06,1.366762083074114285e+06,-3.500000000000000000e+00,-2.100000000000000000e+01,-3.800000000000000000e+01,3.000000000000000000e+00
5.254624979196893983e+06,1.548863486789247021e+06,-4.200000000000000178e+00,-2.060000000000000142e+01,-3.429999999999999716e+01,3.000000000000000000e+00
5.072932554615724832e+06,1.542488137725664303e+06,-6.299999999999999822e+00,-1.980000000000000071e+01,-3.450000000000000000e+01,3.000000000000000000e+00
5.074600477729994804e+06,1.541971431038313545e+06,-6.400000000000000355e+00,-1.980000000000000071e+01,-3.420000000000000284e+01,3.000000000000000000e+00
5.347583894098887220e+06,1.598308580167189240e+06,-4.299999999999999822e+00,-2.230000000000000071e+01,-4.020000000000000284e+01,3.000000000000000000e+00
5.681502101575784385e+06,1.629579449273042381e+06,-4.200000000000000178e+00,-2.439999999999999858e+01,-4.400000000000000000e+01,3.000000000000000000e+00
5.743771231175206602e+06,1.433483694440135732e+06,-5.400000000000000355e+00,-2.069999999999999929e+01,-3.339999999999999858e+01,3.000000000000000000e+00
6.023092755378325470e+06,1.129390554090259597e+06,-1.300000000000000044e+00,-1.290000000000000036e+01,-2.410000000000000142e+01,3.000000000000000000e+00
5.901000783413745463e+06,1.541110324335237965e+06,-1.140000000000000036e+01,-2.439999999999999858e+01,-3.889999999999999858e+01,3.000000000000000000e+00
5.900111224419469014e+06,1.540421502956689335e+06,-5.799999999999999822e+00,-2.400000000000000000e+01,-4.120000000000000284e+01,3.000000000000000000e+00
5.972610282453079708e+06,1.341161740839553997e+06,-6.099999999999999645e+00,-2.100000000000000000e+01,-3.889999999999999858e+01,3.000000000000000000e+00
5.635133838999072090e+06,1.301566076815091074e+06,-4.299999999999999822e+00,-2.010000000000000142e+01,-3.720000000000000284e+01,3.000000000000000000e+00
5.640026413467598148e+06,1.308599302005888894e+06,-3.000000000000000000e+00,-1.850000000000000000e+01,-3.500000000000000000e+01,3.000000000000000000e+00
5.634577864627650008e+06,1.301063925638666376e+06,-3.899999999999999911e+00,-1.960000000000000142e+01,-3.739999999999999858e+01,3.000000000000000000e+00
5.507815707943112589e+06,1.412936896546659991e+06,-5.700000000000000178e+00,-2.189999999999999858e+01,-3.760000000000000142e+01,3.000000000000000000e+00
5.657706398478862830e+06,1.301063925638666376e+06,-2.899999999999999911e+00,-1.739999999999999858e+01,-2.889999999999999858e+01,3.000000000000000000e+00
5.748107831272309646e+06,1.525109911367255263e+06,-5.099999999999999645e+00,-2.289999999999999858e+01,-3.679999999999999716e+01,3.000000000000000000e+00
6.136400332274416462e+06,1.193615034217326902e+06,-4.799999999999999822e+00,-2.150000000000000000e+01,-4.100000000000000000e+01,3.000000000000000000e+00
6.170203574056957848e+06,9.913610893037654459e+05,-3.299999999999999822e+00,-1.830000000000000071e+01,-3.570000000000000284e+01,3.000000000000000000e+00
6.139513788754386827e+06,1.234041291403360665e+06,-3.899999999999999911e+00,-2.039999999999999858e+01,-3.770000000000000284e+01,3.000000000000000000e+00
6.506790458516688086e+06,9.081025298475930467e+05,-3.000000000000000000e+00,-1.540000000000000036e+01,-2.910000000000000142e+01,3.000000000000000000e+00
6.299523212850043550e+06,1.209663366029095836e+06,-5.200000000000000178e+00,-2.180000000000000071e+01,-3.979999999999999716e+01,3.000000000000000000e+00
6.446522836654391140e+06,9.443311368532497436e+05,-3.500000000000000000e+00,-1.780000000000000071e+01,-3.850000000000000000e+01,3.000000000000000000e+00
6.583181337150263600e+06,1.015132668387257494e+06,-6.400000000000000355e+00,-1.930000000000000071e+01,-3.450000000000000000e+01,3.000000000000000000e+00
6.582958947401694953e+06,1.014161137680436485e+06,-6.000000000000000000e+00,-1.930000000000000071e+01,-3.220000000000000284e+01,3.000000000000000000e+00
6.435514544100208208e+06,1.472507601215161383e+06,-2.500000000000000000e+00,-2.369999999999999929e+01,-4.000000000000000000e+01,3.000000000000000000e+00
6.688482883097857237e+06,1.188988085794900544e+06,-3.600000000000000089e+00,-2.169999999999999929e+01,-3.729999999999999716e+01,3.000000000000000000e+00
6.688482883097857237e+06,1.188988085794900544e+06,-3.600000000000000089e+00,-2.169999999999999929e+01,-3.770000000000000284e+01,3.000000000000000000e+00
6.397263507346277125e+06,1.477462449223037809e+06,-3.500000000000000000e+00,-2.310000000000000142e+01,-3.879999999999999716e+01,3.000000000000000000e+00
6.399932184329109266e+06,1.476437068176083267e+06,-4.099999999999999645e+00,-2.400000000000000000e+01,-4.139999999999999858e+01,3.000000000000000000e+00
6.671692457080870867e+06,1.264486473848278634e+06,-3.799999999999999822e+00,-2.250000000000000000e+01,-3.910000000000000142e+01,3.000000000000000000e+00
6.604085973515784368e+06,1.804965465984743088e+06,-5.500000000000000000e+00,-2.500000000000000000e+01,-3.929999999999999716e+01,3.000000000000000000e+00
6.599415788795826957e+06,1.800699191317533143e+06,-4.500000000000000000e+00,-2.419999999999999929e+01,-3.800000000000000000e+01,3.000000000000000000e+00
6.602974024772938341e+06,1.805143275812193751e+06,-4.900000000000000355e+00,-2.480000000000000071e+01,-3.760000000000000142e+01,3.000000000000000000e+00
6.208677000559458509e+06,1.534912977846438065e+06,-4.099999999999999645e+00,-2.350000000000000000e+01,-3.760000000000000142e+01,3.000000000000000000e+00
6.015531503926967271e+06,1.870662838118432090e+06,-5.000000000000000000e+00,-2.410000000000000142e+01,-3.610000000000000142e+01,3.000000000000000000e+00
6.517131581825164147e+06,1.332589422953470610e+06,-4.000000000000000000e+00,-2.300000000000000000e+01,-4.079999999999999716e+01,3.000000000000000000e+00
6.518577115190865472e+06,1.334941747131657787e+06,-3.600000000000000089e+00,-2.300000000000000000e+01,-4.060000000000000142e+01,3.000000000000000000e+00
6.864393174216223881e+06,8.389428941968241706e+05,-4.500000000000000000e+00,-1.869999999999999929e+01,-3.579999999999999716e+01,3.000000000000000000e+00
6.735740704668845981e+06,9.718421626786841080e+05,-6.299999999999999822e+00,-1.919999999999999929e+01,-3.520000000000000284e+01,3.000000000000000000e+00
6.386255214792095125e+06,8.946747261239644140e+05,-2.799999999999999822e+00,-1.639999999999999858e+01,-3.379999999999999716e+01,3.000000000000000000e+00
6.343667577941060998e+06,8.548307127998070791e+05,-1.600000000000000089e+00,-1.300000000000000000e+01,-2.739999999999999858e+01,3.000000000000000000e+00
6.451304216248632409e+06,8.638994559203144163e+05,-3.000000000000000000e+00,-1.639999999999999858e+01,-3.400000000000000000e+01,3.000000000000000000e+00
7.103906933425426483e+06,7.840301183214029297e+05,-3.000000000000000000e+00,-1.610000000000000142e+01,-2.900000000000000000e+01,3.000000000000000000e+00
7.144493062539334409e+06,6.975175858991974965e+05,-2.100000000000000089e+00,-1.590000000000000036e+01,-3.089999999999999858e+01,3.000000000000000000e+00
7.153499847356393933e+06,6.920500983801567927e+05,-1.000000000000000000e+00,-1.469999999999999929e+01,-2.700000000000000000e+01,3.000000000000000000e+00
6.964468561072436161e+06,9.213904936000397429e+05,-3.500000000000000000e+00,-1.689999999999999858e+01,-2.950000000000000000e+01,3.000000000000000000e+00
7.255576741949732415e+06,7.572497783871740103e+05,-2.000000000000000000e+00,-1.440000000000000036e+01,-2.500000000000000000e+01,3.000000000000000000e+00
7.088339651025570929e+06,7.597668857844797894e+05,-2.500000000000000000e+00,-1.590000000000000036e+01,-2.950000000000000000e+01,3.000000000000000000e+00
7.039747490963165648e+06,6.652290377976438031e+05,-2.000000000000000000e+00,-1.419999999999999929e+01,-2.750000000000000000e+01,3.000000000000000000e+00
7.157280473082073964e+06,7.547333741933275014e+05,-2.799999999999999822e+00,-1.619999999999999929e+01,-2.939999999999999858e+01,3.000000000000000000e+00
7.049866224523071200e+06,6.333649566447436810e+05,-4.000000000000000222e-01,-1.419999999999999929e+01,-2.839999999999999858e+01,3.000000000000000000e+00
7.029295172780404799e+06,7.632290577381849289e+05,-3.500000000000000000e+00,-1.610000000000000142e+01,-2.850000000000000000e+01,3.000000000000000000e+00
7.147940103642160073e+06,8.151640421576155350e+05,-3.299999999999999822e+00,-1.580000000000000071e+01,-2.769999999999999929e+01,3.000000000000000000e+00
7.147940103642160073e+06,8.151640421576155350e+05,-3.399999999999999911e+00,-1.619999999999999929e+01,-2.800000000000000000e+01,3.000000000000000000e+00
7.153499847356393933e+06,8.047213373610367998e+05,-3.500000000000000000e+00,-1.619999999999999929e+01,-2.680000000000000071e+01,3.000000000000000000e+00
6.977255971615174785e+06,8.910016072822092101e+05,-2.899999999999999911e+00,-1.800000000000000000e+01,-3.130000000000000071e+01,3.000000000000000000e+00
6.970028304786670953e+06,9.053833563661603257e+05,-3.399999999999999911e+00,-1.780000000000000071e+01,-3.139999999999999858e+01,3.000000000000000000e+00
7.220550356550058350e+06,7.999786743779955432e+05,-3.000000000000000000e+00,-1.739999999999999858e+01,-3.450000000000000000e+01,3.000000000000000000e+00
6.977478361363744363e+06,8.946747261239644140e+05,-3.000000000000000000e+00,-1.689999999999999858e+01,-2.950000000000000000e+01,3.000000000000000000e+00
6.747416166468738578e+06,6.401947007100256160e+05,-1.500000000000000000e+00,-1.480000000000000071e+01,-3.450000000000000000e+01,3.000000000000000000e+00
6.701047903892026283e+06,6.585361140023581684e+05,2.100000000000000000e+01,-1.169999999999999929e+01,-3.200000000000000000e+01,1.000000000000000000e+00
6.738075797028824687e+06,7.767757989225024357e+05,-3.299999999999999822e+00,-1.789999999999999858e+01,-3.650000000000000000e+01,3.000000000000000000e+00
6.722953294126108289e+06,6.968925633458979428e+05,-3.000000000000000000e+00,-1.490000000000000036e+01,-2.900000000000000000e+01,3.000000000000000000e+00
6.647563169361094944e+06,6.764468278862647712e+05,-1.300000000000000044e+00,-1.269999999999999929e+01,-2.910000000000000142e+01,3.000000000000000000e+00
6.758758043645775877e+06,6.837770262054558843e+05,-3.799999999999999822e+00,-1.580000000000000071e+01,-3.300000000000000000e+01,3.000000000000000000e+00
6.592521706590177491e+06,6.405052650505369529e+05,-3.500000000000000000e+00,-1.590000000000000036e+01,-3.600000000000000000e+01,3.000000000000000000e+00
6.685591816366455518e+06,7.167581046511065215e+05,-3.000000000000000000e+00,-1.600000000000000000e+01,-3.100000000000000000e+01,3.000000000000000000e+00
6.749195284457294270e+06,7.508028990209456533e+05,-3.100000000000000089e+00,-1.730000000000000071e+01,-3.539999999999999858e+01,3.000000000000000000e+00
6.734072781554577872e+06,6.925186110663311556e+05,2.150000000000000000e+01,-1.340000000000000036e+01,-2.850000000000000000e+01,1.000000000000000000e+00
6.666799882612344809e+06,8.089918813072349876e+05,-2.899999999999999911e+00,-1.700000000000000000e+01,-3.479999999999999716e+01,3.000000000000000000e+00
6.752864715308688581e+06,8.105740810922691599e+05,-3.000000000000000000e+00,-1.639999999999999858e+01,-3.300000000000000000e+01,3.000000000000000000e+00
6.712500975943349302e+06,6.607146653802124783e+05,-2.500000000000000000e+00,-1.490000000000000036e+01,-3.000000000000000000e+01,3.000000000000000000e+00
6.721730150508977473e+06,6.737969348997659981e+05,-3.899999999999999911e+00,-1.600000000000000000e+01,-3.169999999999999929e+01,3.000000000000000000e+00
6.764984956605718471e+06,6.395736037279237062e+05,1.850000000000000000e+01,-1.369999999999999929e+01,-3.050000000000000000e+01,1.000000000000000000e+00
6.548377341499160044e+06,7.145660640380969271e+05,-2.600000000000000089e+00,-1.519999999999999929e+01,-3.429999999999999716e+01,3.000000000000000000e+00
6.681477606017922051e+06,6.409711313762180507e+05,-2.200000000000000178e+00,-1.530000000000000071e+01,-3.600000000000000000e+01,3.000000000000000000e+00
6.695821744800646789e+06,6.349167227272260934e+05,-2.799999999999999822e+00,-1.469999999999999929e+01,-2.930000000000000071e+01,3.000000000000000000e+00
6.478991739945517853e+06,8.072517843111893162e+05,-1.300000000000000044e+00,-1.240000000000000036e+01,-2.700000000000000000e+01,3.000000000000000000e+00
6.480770857934073545e+06,5.628823092406950891e+05,5.000000000000000000e-01,-1.290000000000000036e+01,-3.110000000000000142e+01,3.000000000000000000e+00
6.491223176116832532e+06,6.256100769592355937e+05,-4.500000000000000000e+00,-1.400000000000000000e+01,-2.550000000000000000e+01,3.000000000000000000e+00
6.414943492357541807e+06,4.453782214572671801e+05,1.699999999999999956e+00,-1.190000000000000036e+01,-2.800000000000000000e+01,1.000000000000000000e+00
6.415944246226103976e+06,4.455302600251715630e+05,1.800000000000000044e+00,-1.200000000000000000e+01,-2.830000000000000071e+01,1.000000000000000000e+00
6.490111227373986505e+06,7.914481974889384583e+05,-2.200000000000000178e+00,-1.440000000000000036e+01,-3.019999999999999929e+01,3.000000000000000000e+00
6.327655516044068150e+06,3.101310088358623907e+05,2.500000000000000000e+00,-8.900000000000000355e+00,-2.400000000000000000e+01,1.000000000000000000e+00
6.425395810540301725e+06,3.532416076413625851e+05,-5.000000000000000000e+00,-1.440000000000000036e+01,-2.600000000000000000e+01,3.000000000000000000e+00
6.610535276224296540e+06,4.253308021685406566e+05,8.000000000000000444e-01,-1.359999999999999964e+01,-3.410000000000000142e+01,3.000000000000000000e+00
6.786556762216947041e+06,4.277585058549316600e+05,1.000000000000000000e+00,-1.359999999999999964e+01,-2.750000000000000000e+01,1.000000000000000000e+00
6.720840591514699161e+06,4.735476048879064620e+05,5.000000000000000000e-01,-1.109999999999999964e+01,-2.669999999999999929e+01,1.000000000000000000e+00
6.374357363243632950e+06,3.011430417718244717e+05,5.000000000000000000e+00,-1.030000000000000071e+01,-2.400000000000000000e+01,1.000000000000000000e+00
6.666132713366637006e+06,3.799272915071854368e+05,3.600000000000000089e+00,-1.109999999999999964e+01,-2.410000000000000142e+01,1.000000000000000000e+00
6.489777642751133069e+06,3.719287409482495859e+05,1.000000000000000000e+00,-1.190000000000000036e+01,-2.900000000000000000e+01,1.000000000000000000e+00
6.755088612794381566e+06,4.277585058549316600e+05,0.000000000000000000e+00,-1.090000000000000036e+01,-2.600000000000000000e+01,1.000000000000000000e+00
6.758758043645775877e+06,4.836178716126075014e+05,5.999999999999999778e-01,-9.699999999999999289e+00,-2.119999999999999929e+01,1.000000000000000000e+00
6.697600862789201550e+06,4.227520563784698024e+05,5.000000000000000000e-01,-1.290000000000000036e+01,-3.300000000000000000e+01,3.000000000000000000e+00
6.462312508802816272e+06,3.622791492911046371e+05,2.700000000000000178e+00,-1.340000000000000036e+01,-3.189999999999999858e+01,1.000000000000000000e+00
6.537702633567830548e+06,4.103233563502142206e+05,3.500000000000000000e+00,-1.130000000000000071e+01,-3.200000000000000000e+01,1.000000000000000000e+00
6.589297055235922337e+06,4.244205755228810012e+05,2.500000000000000000e+00,-1.259999999999999964e+01,-3.150000000000000000e+01,1.000000000000000000e+00
6.738409381651679054e+06,4.733951088649639860e+05,9.000000000000000222e-01,-1.059999999999999964e+01,-2.310000000000000142e+01,1.000000000000000000e+00
6.745859438228753395e+06,4.405142930708052590e+05,1.000000000000000056e-01,-1.309999999999999964e+01,-3.189999999999999858e+01,3.000000000000000000e+00
6.345557890803900547e+06,3.446639414198789746e+05,6.500000000000000000e+00,-9.099999999999999645e+00,-2.350000000000000000e+01,1.000000000000000000e+00
6.343111603569637984e+06,3.360940454527158290e+05,4.400000000000000355e+00,-1.100000000000000000e+01,-2.669999999999999929e+01,1.000000000000000000e+00
6.755088612794381566e+06,4.253308021685406566e+05,-2.000000000000000111e-01,-1.190000000000000036e+01,-2.530000000000000071e+01,1.000000000000000000e+00
6.460422195939975791e+06,3.321875444887140766e+05,4.799999999999999822e+00,-1.090000000000000036e+01,-2.510000000000000142e+01,1.000000000000000000e+00
6.391592568757758476e+06,2.870789402265120298e+05,6.200000000000000178e+00,-1.130000000000000071e+01,-2.650000000000000000e+01,1.000000000000000000e+00
6.634664563944072463e+06,4.657734898235844448e+05,8.000000000000000444e-01,-1.419999999999999929e+01,-3.139999999999999858e+01,3.000000000000000000e+00
6.625324194504158571e+06,5.448847397097060457e+05,-2.899999999999999911e+00,-1.540000000000000036e+01,-3.119999999999999929e+01,3.000000000000000000e+00
6.634998148566925898e+06,5.579564051989978179e+05,-2.500000000000000000e+00,-1.500000000000000000e+01,-3.200000000000000000e+01,3.000000000000000000e+00
6.629549599726975895e+06,5.528793228126345202e+05,-2.500000000000000000e+00,-1.519999999999999929e+01,-3.000000000000000000e+01,3.000000000000000000e+00
6.584849260264534503e+06,4.482673775129299611e+05,-6.000000000000000000e+00,-1.610000000000000142e+01,-2.800000000000000000e+01,3.000000000000000000e+00
6.647563169361094944e+06,5.295299710537437350e+05,-2.100000000000000089e+00,-1.480000000000000071e+01,-3.270000000000000284e+01,3.000000000000000000e+00
6.629549599726975895e+06,5.158856397669492289e+05,-1.600000000000000089e+00,-1.480000000000000071e+01,-3.410000000000000142e+01,3.000000000000000000e+00
6.543707156779203564e+06,4.505489217299111187e+05,4.000000000000000222e-01,-1.359999999999999964e+01,-3.050000000000000000e+01,3.000000000000000000e+00
6.543818351653486490e+06,4.505489217299111187e+05,5.000000000000000000e-01,-1.309999999999999964e+01,-2.880000000000000071e+01,1.000000000000000000e+00
6.588296301367360167e+06,5.962013264102358371e+05,-3.399999999999999911e+00,-1.509999999999999964e+01,-3.150000000000000000e+01,3.000000000000000000e+00
6.618986086669931188e+06,4.995083424081308767e+05,1.200000000000000000e+01,-1.369999999999999929e+01,-3.200000000000000000e+01,1.000000000000000000e+00
6.559941608424766921e+06,5.018024828311279416e+05,-3.000000000000000000e+00,-1.490000000000000036e+01,-3.200000000000000000e+01,3.000000000000000000e+00
6.488999278631139547e+06,4.426419502328932285e+05,2.000000000000000000e+00,-1.390000000000000036e+01,-3.250000000000000000e+01,3.000000000000000000e+00
6.585961209007381462e+06,4.662306111588273197e+05,-1.500000000000000000e+00,-1.280000000000000071e+01,-3.300000000000000000e+01,3.000000000000000000e+00
6.961355104592465796e+06,6.222000129250632599e+05,-2.000000000000000000e+00,-1.430000000000000071e+01,-3.300000000000000000e+01,3.000000000000000000e+00
6.801456875371093862e+06,6.142997499845828861e+05,1.200000000000000000e+01,-1.450000000000000000e+01,-3.100000000000000000e+01,1.000000000000000000e+00
6.693931431937807240e+06,4.912541283488469198e+05,5.999999999999999778e-01,-1.109999999999999964e+01,-2.339999999999999858e+01,1.000000000000000000e+00
7.015507008369104937e+06,6.613372043690904975e+05,-2.500000000000000000e+00,-1.480000000000000071e+01,-2.950000000000000000e+01,3.000000000000000000e+00
6.875512661644691601e+06,5.911030947516802698e+05,-1.199999999999999956e+00,-1.209999999999999964e+01,-2.469999999999999929e+01,1.000000000000000000e+00
6.873733543656135909e+06,5.937291027992032468e+05,-2.000000000000000000e+00,-1.109999999999999964e+01,-2.050000000000000000e+01,1.000000000000000000e+00
6.685147036869316362e+06,5.433481136327711865e+05,-3.500000000000000000e+00,-1.630000000000000071e+01,-3.200000000000000000e+01,3.000000000000000000e+00
6.678920123909374699e+06,4.720227570469174534e+05,-6.999999999999999556e-01,-1.359999999999999964e+01,-2.910000000000000142e+01,3.000000000000000000e+00
6.681922385515061207e+06,4.900319055188531056e+05,4.000000000000000222e-01,-1.209999999999999964e+01,-2.730000000000000071e+01,1.000000000000000000e+00
6.992267279643606395e+06,6.995492067918526009e+05,1.350000000000000000e+01,-1.459999999999999964e+01,-2.850000000000000000e+01,1.000000000000000000e+00
6.706162868109121919e+06,5.238551651543630287e+05,-1.000000000000000000e+00,-1.269999999999999929e+01,-2.780000000000000071e+01,3.000000000000000000e+00
6.662129697892388329e+06,5.861620575632369146e+05,-4.000000000000000000e+00,-1.559999999999999964e+01,-3.400000000000000000e+01,3.000000000000000000e+00
6.795897131656860001e+06,5.869339193961778656e+05,-1.500000000000000000e+00,-1.409999999999999964e+01,-2.619999999999999929e+01,3.000000000000000000e+00
6.801456875371093862e+06,5.782927686059447005e+05,1.300000000000000000e+01,-1.090000000000000036e+01,-2.500000000000000000e+01,1.000000000000000000e+00
6.988597848792211153e+06,5.730503159680068493e+05,1.000000000000000056e-01,-1.140000000000000036e+01,-2.389999999999999858e+01,1.000000000000000000e+00
6.669023780098038726e+06,6.037766589432712644e+05,-4.299999999999999822e+00,-1.540000000000000036e+01,-2.960000000000000142e+01,3.000000000000000000e+00
6.738409381651679054e+06,5.474975913181658834e+05,-6.999999999999999556e-01,-1.109999999999999964e+01,-2.510000000000000142e+01,1.000000000000000000e+00
6.738854161148818210e+06,5.415044998945873231e+05,-6.999999999999999556e-01,-1.090000000000000036e+01,-2.489999999999999858e+01,1.000000000000000000e+00
6.712723365691917948e+06,5.490349085299232975e+05,-1.399999999999999911e+00,-1.259999999999999964e+01,-2.550000000000000000e+01,1.000000000000000000e+00
6.745192268983045593e+06,5.521103117467043921e+05,-1.000000000000000000e+00,-1.109999999999999964e+01,-2.550000000000000000e+01,1.000000000000000000e+00
6.946010211941178888e+06,6.169324132188921794e+05,-1.699999999999999956e+00,-1.380000000000000071e+01,-2.689999999999999858e+01,3.000000000000000000e+00
6.764651371982864104e+06,6.139900746697774157e+05,-3.299999999999999822e+00,-1.480000000000000071e+01,-2.880000000000000071e+01,3.000000000000000000e+00
6.971696227900939994e+06,6.068704311747699976e+05,0.000000000000000000e+00,-1.269999999999999929e+01,-2.650000000000000000e+01,1.000000000000000000e+00
6.741745227880218998e+06,5.775216322226384655e+05,-1.800000000000000044e+00,-1.330000000000000071e+01,-2.680000000000000071e+01,3.000000000000000000e+00
6.730848130200320855e+06,5.648842104466510937e+05,-1.000000000000000000e+00,-1.240000000000000036e+01,-2.650000000000000000e+01,1.000000000000000000e+00
6.906869616192971356e+06,7.426329955584220588e+05,-4.000000000000000000e+00,-1.719999999999999929e+01,-3.150000000000000000e+01,3.000000000000000000e+00
6.835037727405066602e+06,7.597668857844797894e+05,-3.000000000000000000e+00,-1.739999999999999858e+01,-3.750000000000000000e+01,3.000000000000000000e+00
6.853718466284894384e+06,6.344511652201134712e+05,-2.000000000000000000e+00,-1.580000000000000071e+01,-3.100000000000000000e+01,3.000000000000000000e+00
6.860723743364829570e+06,6.530920138916568831e+05,-3.600000000000000089e+00,-1.600000000000000000e+01,-2.910000000000000142e+01,3.000000000000000000e+00
6.907536785438679159e+06,7.659052847579140216e+05,-4.099999999999999645e+00,-1.760000000000000142e+01,-3.529999999999999716e+01,3.000000000000000000e+00
7.320292158783416264e+06,8.047213373610367998e+05,-3.500000000000000000e+00,-1.630000000000000071e+01,-3.000000000000000000e+01,3.000000000000000000e+00
7.570480625923948362e+06,1.020802078709499910e+06,-4.000000000000000000e+00,-1.719999999999999929e+01,-3.400000000000000000e+01,3.000000000000000000e+00
7.564364907838292420e+06,1.024691796242549084e+06,-1.800000000000000044e+00,-1.850000000000000000e+01,-3.520000000000000284e+01,3.000000000000000000e+00
7.494534526787512004e+06,1.020802078709499910e+06,-4.000000000000000000e+00,-1.880000000000000071e+01,-3.900000000000000000e+01,3.000000000000000000e+00
7.401686806759802625e+06,8.828622816644376144e+05,-4.400000000000000355e+00,-1.739999999999999858e+01,-3.100000000000000000e+01,3.000000000000000000e+00
7.333301959074724466e+06,8.020335202287416905e+05,-3.500000000000000000e+00,-1.530000000000000071e+01,-2.900000000000000000e+01,3.000000000000000000e+00
7.448166264210799709e+06,9.562259574035760015e+05,-3.000000000000000000e+00,-1.880000000000000071e+01,-3.300000000000000000e+01,3.000000000000000000e+00
7.331411646211884916e+06,8.337061153610497713e+05,-5.000000000000000000e+00,-1.619999999999999929e+01,-2.700000000000000000e+01,3.000000000000000000e+00
7.646982699431809597e+06,1.167043936933734454e+06,-8.500000000000000000e+00,-2.269999999999999929e+01,-3.970000000000000284e+01,3.000000000000000000e+00
7.298053183926478960e+06,8.337061153610497713e+05,-4.500000000000000000e+00,-1.660000000000000142e+01,-3.150000000000000000e+01,3.000000000000000000e+00
7.579820995363862254e+06,1.072155832526514307e+06,-6.000000000000000000e+00,-1.880000000000000071e+01,-3.650000000000000000e+01,3.000000000000000000e+00
7.552022276792692021e+06,1.028907607913779095e+06,-4.000000000000000000e+00,-1.760000000000000142e+01,-3.500000000000000000e+01,3.000000000000000000e+00
7.433377345930935815e+06,9.991161596521213651e+05,-4.000000000000000000e+00,-1.739999999999999858e+01,-3.500000000000000000e+01,3.000000000000000000e+00
7.535343045649989508e+06,1.007201649928878993e+06,-5.000000000000000000e+00,-1.760000000000000142e+01,-3.400000000000000000e+01,3.000000000000000000e+00
7.383339652502831072e+06,9.454556361958533525e+05,-4.000000000000000000e+00,-1.850000000000000000e+01,-3.500000000000000000e+01,3.000000000000000000e+00
7.411138371074001305e+06,9.695865670788129792e+05,-4.500000000000000000e+00,-1.719999999999999929e+01,-3.300000000000000000e+01,3.000000000000000000e+00
7.570480625923948362e+06,1.045141228655121289e+06,-5.000000000000000000e+00,-1.700000000000000000e+01,-3.300000000000000000e+01,3.000000000000000000e+00
7.366660421360128559e+06,9.587999210489513353e+05,-3.000000000000000000e+00,-1.860000000000000142e+01,-3.600000000000000000e+01,3.000000000000000000e+00
7.385229965365669690e+06,9.053833563661603257e+05,-4.500000000000000000e+00,-1.760000000000000142e+01,-3.400000000000000000e+01,3.000000000000000000e+00
7.513104070793052204e+06,9.991161596521213651e+05,-4.000000000000000000e+00,-1.760000000000000142e+01,-3.400000000000000000e+01,3.000000000000000000e+00
7.479745608507648110e+06,1.003966559680942446e+06,-4.200000000000000178e+00,-1.719999999999999929e+01,-3.150000000000000000e+01,3.000000000000000000e+00
7.503874896227424033e+06,9.702309639991363510e+05,-3.600000000000000089e+00,-1.600000000000000000e+01,-2.860000000000000142e+01,3.000000000000000000e+00
7.485305352221881971e+06,9.723255797911174595e+05,-5.099999999999999645e+00,-1.850000000000000000e+01,-3.529999999999999716e+01,3.000000000000000000e+00
7.616515303877807222e+06,1.058638075709339231e+06,-4.299999999999999822e+00,-1.969999999999999929e+01,-3.810000000000000142e+01,3.000000000000000000e+00
7.516773501644447446e+06,1.053269360528551973e+06,-4.000000000000000000e+00,-1.860000000000000142e+01,-3.650000000000000000e+01,3.000000000000000000e+00
7.459285751639267430e+06,9.427249576472360641e+05,-4.099999999999999645e+00,-1.650000000000000000e+01,-3.030000000000000071e+01,3.000000000000000000e+00
7.640422201849013567e+06,1.039131275721499696e+06,-4.900000000000000355e+00,-1.610000000000000142e+01,-2.769999999999999929e+01,3.000000000000000000e+00
7.554468564026953653e+06,9.621793893954418600e+05,-4.500000000000000000e+00,-1.900000000000000000e+01,-3.770000000000000284e+01,3.000000000000000000e+00
7.629969883666252717e+06,1.043029152596593834e+06,-4.799999999999999822e+00,-1.769999999999999929e+01,-3.379999999999999716e+01,3.000000000000000000e+00
7.566811195072554052e+06,9.161049390995753929e+05,-4.000000000000000000e+00,-1.660000000000000142e+01,-3.100000000000000000e+01,3.000000000000000000e+00
7.368550734222967178e+06,8.575344596766550094e+05,-5.000000000000000000e+00,-1.559999999999999964e+01,-2.500000000000000000e+01,3.000000000000000000e+00
7.653876781637459062e+06,1.020802078709499910e+06,-3.500000000000000000e+00,-1.730000000000000071e+01,-3.100000000000000000e+01,3.000000000000000000e+00
7.531562419924310409e+06,8.178558036799626425e+05,-4.000000000000000000e+00,-1.630000000000000071e+01,-2.700000000000000000e+01,3.000000000000000000e+00
7.566811195072554052e+06,8.310095786294108257e+05,-5.000000000000000000e+00,-1.350000000000000000e+01,-2.400000000000000000e+01,3.000000000000000000e+00
7.583490426215256564e+06,7.783523267277041450e+05,-2.600000000000000089e+00,-1.600000000000000000e+01,-2.830000000000000071e+01,3.000000000000000000e+00
7.563141764221159741e+06,8.841385455153333023e+05,-2.500000000000000000e+00,-1.680000000000000071e+01,-3.300000000000000000e+01,3.000000000000000000e+00
7.507544327078818344e+06,8.946747261239644140e+05,-3.500000000000000000e+00,-1.619999999999999929e+01,-3.100000000000000000e+01,3.000000000000000000e+00
7.461176064502106979e+06,8.020335202287416905e+05,-1.500000000000000000e+00,-1.519999999999999929e+01,-3.019999999999999929e+01,3.000000000000000000e+00
7.450056577073639259e+06,8.814267039190288633e+05,-3.000000000000000000e+00,-1.580000000000000071e+01,-2.900000000000000000e+01,3.000000000000000000e+00
7.555691707644086331e+06,9.910381099243303761e+05,-4.500000000000000000e+00,-1.750000000000000000e+01,-3.060000000000000142e+01,3.000000000000000000e+00
7.466735808216341771e+06,7.599242283588182181e+05,-2.000000000000000000e+00,-1.459999999999999964e+01,-2.569999999999999929e+01,3.000000000000000000e+00
7.535343045649989508e+06,7.756723939729267731e+05,-1.500000000000000000e+00,-1.540000000000000036e+01,-3.050000000000000000e+01,3.000000000000000000e+00
7.481524726496203803e+06,8.151640421576155350e+05,-3.000000000000000000e+00,-1.450000000000000000e+01,-2.600000000000000000e+01,3.000000000000000000e+00
7.370329852211522870e+06,7.652755126837808639e+05,-1.500000000000000000e+00,-1.500000000000000000e+01,-3.100000000000000000e+01,3.000000000000000000e+00
7.422257858502469026e+06,8.072517843111893162e+05,-7.000000000000000000e+00,-1.550000000000000000e+01,-2.900000000000000000e+01,3.000000000000000000e+00
7.408136109468314797e+06,8.691540053842924535e+05,-3.299999999999999822e+00,-1.600000000000000000e+01,-2.839999999999999858e+01,3.000000000000000000e+00
7.687235243922863156e+06,8.495846032034568489e+05,-4.500000000000000000e+00,-8.000000000000000000e+00,-2.500000000000000000e+01,1.000000000000000000e+00
7.401909196508371271e+06,8.151640421576155350e+05,-3.500000000000000000e+00,-1.669999999999999929e+01,-3.000000000000000000e+01,3.000000000000000000e+00
7.598279344495118596e+06,9.668484061437705532e+05,-5.000000000000000000e+00,-1.680000000000000071e+01,-2.800000000000000000e+01,3.000000000000000000e+00
7.661326838214534335e+06,1.045141228655121289e+06,-5.000000000000000000e+00,-1.900000000000000000e+01,-2.950000000000000000e+01,3.000000000000000000e+00
7.580821749232424423e+06,8.129479050737190992e+05,-2.200000000000000178e+00,-1.639999999999999858e+01,-3.270000000000000284e+01,3.000000000000000000e+00
7.631637806780522689e+06,8.548307127998070791e+05,-2.000000000000000000e+00,-1.680000000000000071e+01,-3.450000000000000000e+01,3.000000000000000000e+00
7.548241651067011990e+06,7.968182924070069566e+05,-2.500000000000000000e+00,-1.419999999999999929e+01,-2.800000000000000000e+01,3.000000000000000000e+00
7.435267658793777227e+06,8.178558036799626425e+05,-3.000000000000000000e+00,-1.519999999999999929e+01,-2.700000000000000000e+01,3.000000000000000000e+00
7.385674744862809777e+06,8.346580285849357024e+05,-3.399999999999999911e+00,-1.419999999999999929e+01,-2.389999999999999858e+01,3.000000000000000000e+00
7.659436525351692922e+06,8.468832660465212539e+05,-3.500000000000000000e+00,-1.650000000000000000e+01,-2.900000000000000000e+01,3.000000000000000000e+00
7.366660421360128559e+06,8.284724049014598131e+05,-3.600000000000000089e+00,-1.519999999999999929e+01,-2.539999999999999858e+01,3.000000000000000000e+00
7.367661175228690729e+06,8.291066308045685291e+05,-3.600000000000000089e+00,-1.519999999999999929e+01,-2.539999999999999858e+01,3.000000000000000000e+00
7.492644213924671523e+06,9.454556361958533525e+05,-5.000000000000000000e+00,-1.780000000000000071e+01,-3.600000000000000000e+01,3.000000000000000000e+00
7.488196418953285553e+06,9.496336028172262013e+05,-4.400000000000000355e+00,-1.730000000000000071e+01,-3.229999999999999716e+01,3.000000000000000000e+00
7.663217151077372953e+06,8.178558036799626425e+05,-4.500000000000000000e+00,-1.650000000000000000e+01,-2.900000000000000000e+01,3.000000000000000000e+00
7.333301959074724466e+06,7.731508339727437124e+05,-1.500000000000000000e+00,-1.559999999999999964e+01,-3.050000000000000000e+01,3.000000000000000000e+00
7.468626121079181321e+06,9.266792069793632254e+05,-2.500000000000000000e+00,-1.710000000000000142e+01,-3.400000000000000000e+01,3.000000000000000000e+00
7.546462533078458160e+06,8.548307127998070791e+05,-3.000000000000000000e+00,-1.639999999999999858e+01,-3.400000000000000000e+01,3.000000000000000000e+00
7.394459139931298792e+06,8.654914161010636017e+05,-3.000000000000000000e+00,-1.580000000000000071e+01,-3.000000000000000000e+01,3.000000000000000000e+00
7.427817602216702886e+06,7.889222056775679812e+05,-1.000000000000000000e+00,-1.469999999999999929e+01,-2.700000000000000000e+01,3.000000000000000000e+00
7.299943496789320372e+06,7.756723939729267731e+05,-2.000000000000000000e+00,-1.569999999999999929e+01,-2.900000000000000000e+01,3.000000000000000000e+00
7.407468940222606994e+06,7.677948654794460163e+05,-1.000000000000000000e+00,-1.459999999999999964e+01,-2.800000000000000000e+01,3.000000000000000000e+00
7.374555257434340194e+06,7.810330589281348512e+05,-2.299999999999999822e+00,-1.619999999999999929e+01,-3.310000000000000142e+01,3.000000000000000000e+00
7.726153449922502972e+06,9.213904936000397429e+05,-3.000000000000000000e+00,-1.710000000000000142e+01,-3.500000000000000000e+01,3.000000000000000000e+00
7.676115756494396366e+06,9.241145874645318836e+05,-4.500000000000000000e+00,-1.630000000000000071e+01,-3.100000000000000000e+01,3.000000000000000000e+00
7.609398831923588179e+06,9.910381099243303761e+05,-4.000000000000000000e+00,-1.769999999999999929e+01,-3.400000000000000000e+01,3.000000000000000000e+00
7.355540933931660838e+06,8.337061153610497713e+05,-3.500000000000000000e+00,-1.450000000000000000e+01,-2.700000000000000000e+01,3.000000000000000000e+00
7.705804787928405218e+06,9.374266380611397326e+05,-2.500000000000000000e+00,-1.639999999999999858e+01,-3.350000000000000000e+01,3.000000000000000000e+00
7.475964982781969942e+06,8.946747261239644140e+05,-4.000000000000000000e+00,-1.869999999999999929e+01,-3.200000000000000000e+01,3.000000000000000000e+00
7.403688314496926963e+06,8.365621594626493752e+05,-3.399999999999999911e+00,-1.530000000000000071e+01,-2.530000000000000071e+01,3.000000000000000000e+00
7.459285751639267430e+06,8.443415781977642328e+05,-2.500000000000000000e+00,-1.600000000000000000e+01,-3.000000000000000000e+01,3.000000000000000000e+00
7.501539803867445327e+06,8.854149927353532985e+05,-4.099999999999999645e+00,-1.830000000000000071e+01,-3.679999999999999716e+01,3.000000000000000000e+00
7.707695100791244768e+06,8.734554912402443588e+05,-1.699999999999999956e+00,-1.650000000000000000e+01,-3.360000000000000142e+01,3.000000000000000000e+00
7.435267658793777227e+06,8.522867589522153139e+05,-3.000000000000000000e+00,-1.730000000000000071e+01,-2.800000000000000000e+01,3.000000000000000000e+00
7.616848888500660658e+06,7.862391180296288803e+05,-3.500000000000000000e+00,-1.610000000000000142e+01,-3.150000000000000000e+01,3.000000000000000000e+00
7.355540933931660838e+06,7.889222056775679812e+05,-3.500000000000000000e+00,-1.540000000000000036e+01,-2.650000000000000000e+01,3.000000000000000000e+00
7.492644213924671523e+06,8.707469058056809008e+05,-3.000000000000000000e+00,-1.710000000000000142e+01,-3.100000000000000000e+01,3.000000000000000000e+00
7.648317037923226133e+06,9.534919440974788740e+05,-5.000000000000000000e+00,-1.710000000000000142e+01,-3.250000000000000000e+01,3.000000000000000000e+00
7.728043762785341591e+06,9.481871597529780120e+05,-2.500000000000000000e+00,-1.719999999999999929e+01,-3.350000000000000000e+01,3.000000000000000000e+00
7.678006069357234985e+06,8.761649017738616094e+05,-4.000000000000000000e+00,-1.939999999999999858e+01,-3.000000000000000000e+01,3.000000000000000000e+00
7.666886581928767264e+06,9.668484061437705532e+05,-5.000000000000000000e+00,-1.610000000000000142e+01,-2.550000000000000000e+01,3.000000000000000000e+00
7.729934075648181140e+06,9.026650167598426342e+05,-4.500000000000000000e+00,-1.530000000000000071e+01,-2.800000000000000000e+01,3.000000000000000000e+00
7.524223558221521787e+06,9.401556784761752933e+05,-4.500000000000000000e+00,-1.739999999999999858e+01,-3.250000000000000000e+01,3.000000000000000000e+00
7.613179457649266347e+06,8.126313588431319222e+05,-3.000000000000000000e+00,-1.700000000000000000e+01,-3.420000000000000284e+01,3.000000000000000000e+00
7.663217151077372953e+06,9.937838132341876626e+05,-4.000000000000000000e+00,-1.719999999999999929e+01,-3.150000000000000000e+01,3.000000000000000000e+00
7.595610667512286454e+06,8.240340831458717585e+05,-3.200000000000000178e+00,-1.750000000000000000e+01,-3.110000000000000142e+01,3.000000000000000000e+00
7.437046776782331057e+06,9.186672380420472473e+05,-3.000000000000000000e+00,-1.569999999999999929e+01,-2.900000000000000000e+01,3.000000000000000000e+00
7.485305352221881971e+06,7.652755126837808639e+05,-2.000000000000000000e+00,-1.519999999999999929e+01,-2.800000000000000000e+01,3.000000000000000000e+00
7.633528119643364102e+06,9.294049303042721003e+05,-5.000000000000000000e+00,-1.650000000000000000e+01,-2.900000000000000000e+01,3.000000000000000000e+00
7.642868489083275199e+06,9.212302788982968777e+05,-5.599999999999999645e+00,-1.800000000000000000e+01,-3.100000000000000000e+01,3.000000000000000000e+00
7.679896382220074534e+06,9.749042528935139999e+05,-2.000000000000000000e+00,-1.650000000000000000e+01,-3.300000000000000000e+01,3.000000000000000000e+00
7.409248058211160824e+06,8.761649017738616094e+05,-1.000000000000000000e+00,-9.800000000000000711e+00,-2.300000000000000000e+01,1.000000000000000000e+00
7.696353223614208400e+06,9.462589377260291949e+05,-3.899999999999999911e+00,-1.680000000000000071e+01,-2.950000000000000000e+01,3.000000000000000000e+00
7.346756538863169961e+06,8.221326194974547252e+05,-3.399999999999999911e+00,-1.580000000000000071e+01,-2.750000000000000000e+01,3.000000000000000000e+00
7.306726384120685048e+06,7.737811576744653285e+05,-1.399999999999999911e+00,-1.660000000000000142e+01,-3.150000000000000000e+01,3.000000000000000000e+00
7.590940482792329974e+06,8.602390273073464632e+05,-4.000000000000000000e+00,-1.730000000000000071e+01,-3.500000000000000000e+01,3.000000000000000000e+00
7.411249565948285162e+06,8.010850713051054627e+05,-3.200000000000000178e+00,-1.580000000000000071e+01,-2.789999999999999858e+01,3.000000000000000000e+00
7.367549980354405008e+06,8.286309571577943861e+05,-3.299999999999999822e+00,-1.490000000000000036e+01,-2.400000000000000000e+01,3.000000000000000000e+00
7.166509647647702135e+06,8.416418279788801447e+05,-4.000000000000000000e+00,-1.760000000000000142e+01,-3.150000000000000000e+01,3.000000000000000000e+00
7.270254465355308726e+06,9.053833563661603257e+05,-4.500000000000000000e+00,-1.550000000000000000e+01,-3.500000000000000000e+01,3.000000000000000000e+00
7.068324573654327542e+06,8.627852531385933980e+05,-3.500000000000000000e+00,-1.810000000000000142e+01,-3.450000000000000000e+01,3.000000000000000000e+00
7.140601241939371452e+06,8.364034663815004751e+05,-4.000000000000000000e+00,-1.869999999999999929e+01,-2.900000000000000000e+01,3.000000000000000000e+00
7.155612549967803992e+06,8.876492168357409537e+05,-4.099999999999999645e+00,-1.810000000000000142e+01,-3.100000000000000000e+01,3.000000000000000000e+00
7.301833809652158991e+06,8.575344596766550094e+05,-4.200000000000000178e+00,-1.669999999999999929e+01,-3.080000000000000071e+01,3.000000000000000000e+00
7.253575234212608077e+06,9.723255797911174595e+05,-3.000000000000000000e+00,-1.800000000000000000e+01,-3.600000000000000000e+01,3.000000000000000000e+00
7.110912210505361669e+06,8.389428941968241706e+05,-4.000000000000000000e+00,-1.719999999999999929e+01,-3.550000000000000000e+01,3.000000000000000000e+00
7.117361513213872910e+06,9.575128452875027433e+05,-4.900000000000000355e+00,-1.839999999999999858e+01,-3.320000000000000284e+01,3.000000000000000000e+00
7.235116885081349872e+06,8.654914161010636017e+05,-3.000000000000000000e+00,-1.780000000000000071e+01,-3.400000000000000000e+01,3.000000000000000000e+00
7.229557141367116012e+06,8.814267039190288633e+05,-4.000000000000000000e+00,-1.580000000000000071e+01,-3.400000000000000000e+01,3.000000000000000000e+00
7.190638935367478058e+06,1.050504946830601431e+06,-4.000000000000000000e+00,-2.160000000000000142e+01,-3.800000000000000000e+01,3.000000000000000000e+00
7.338861702788958326e+06,9.106625143611840904e+05,-5.000000000000000000e+00,-1.739999999999999858e+01,-3.300000000000000000e+01,3.000000000000000000e+00
7.333301959074724466e+06,8.814267039190288633e+05,-5.000000000000000000e+00,-1.550000000000000000e+01,-3.100000000000000000e+01,3.000000000000000000e+00
7.110912210505361669e+06,9.241145874645318836e+05,-4.000000000000000000e+00,-1.900000000000000000e+01,-3.650000000000000000e+01,3.000000000000000000e+00
7.277037352686675265e+06,9.261982841763356701e+05,-3.500000000000000000e+00,-1.869999999999999929e+01,-3.470000000000000284e+01,3.000000000000000000e+00
7.983791973640108481e+06,1.429914126977274194e+06,-5.599999999999999645e+00,-1.760000000000000142e+01,-3.160000000000000142e+01,3.000000000000000000e+00
7.983347194142971188e+06,1.429914126977274194e+06,-5.599999999999999645e+00,-1.739999999999999858e+01,-3.130000000000000071e+01,3.000000000000000000e+00
9.208492319011585787e+06,1.831858732477965765e+06,5.999999999999999778e-01,-1.450000000000000000e+01,-2.930000000000000071e+01,3.000000000000000000e+00
8.888695860568843782e+06,1.606809532804036513e+06,-1.199999999999999956e+00,-1.400000000000000000e+01,-2.680000000000000071e+01,3.000000000000000000e+00
7.724151942185378633e+06,1.301900860702284612e+06,-2.299999999999999822e+00,-1.930000000000000071e+01,-3.320000000000000284e+01,3.000000000000000000e+00
7.712698870134055614e+06,1.121354945671211928e+06,-8.000000000000000000e+00,-2.080000000000000071e+01,-3.270000000000000284e+01,3.000000000000000000e+00
7.668776894791606814e+06,1.069548368631047197e+06,-4.000000000000000000e+00,-1.639999999999999858e+01,-3.000000000000000000e+01,3.000000000000000000e+00
8.935731292391262949e+06,1.659396545245191082e+06,4.000000000000000222e-01,-1.680000000000000071e+01,-3.779999999999999716e+01,3.000000000000000000e+00
7.696798003111345693e+06,1.087817029662851244e+06,-4.000000000000000000e+00,-1.559999999999999964e+01,-2.780000000000000071e+01,3.000000000000000000e+00
7.655989484248869121e+06,1.127750028828140348e+06,-7.900000000000000355e+00,-2.139999999999999858e+01,-3.660000000000000142e+01,3.000000000000000000e+00
8.048618585348077118e+06,1.461241940557273105e+06,-4.000000000000000000e+00,-1.710000000000000142e+01,-3.200000000000000000e+01,3.000000000000000000e+00
7.837348324207183905e+06,1.281169070521356538e+06,-4.500000000000000000e+00,-1.669999999999999929e+01,-3.000000000000000000e+01,3.000000000000000000e+00
8.494065251732511446e+06,1.627491050384681672e+06,-3.299999999999999822e+00,-1.839999999999999858e+01,-3.420000000000000284e+01,3.000000000000000000e+00
8.427793106658840552e+06,1.616883154905132949e+06,-3.000000000000000000e+00,-1.450000000000000000e+01,-2.560000000000000142e+01,3.000000000000000000e+00
7.833011724110081792e+06,1.250997385616996326e+06,-3.899999999999999911e+00,-1.400000000000000000e+01,-2.489999999999999858e+01,3.000000000000000000e+00
8.696662312679199502e+06,1.611497455423249863e+06,-1.300000000000000044e+00,-1.739999999999999858e+01,-3.810000000000000142e+01,3.000000000000000000e+00
8.694216025444936007e+06,1.611497455423249863e+06,-1.300000000000000044e+00,-1.750000000000000000e+01,-3.879999999999999716e+01,3.000000000000000000e+00
7.815220544224532321e+06,1.262153505989521742e+06,-2.100000000000000089e+00,-1.230000000000000071e+01,-2.119999999999999929e+01,1.000000000000000000e+00
7.770964984259228222e+06,1.282839123233294114e+06,-3.600000000000000089e+00,-1.789999999999999858e+01,-2.889999999999999858e+01,3.000000000000000000e+00
7.724374331933947280e+06,1.306254248472020030e+06,-4.500000000000000000e+00,-2.010000000000000142e+01,-3.600000000000000000e+01,3.000000000000000000e+00
8.200621978495237418e+06,1.616188029333430342e+06,-4.400000000000000355e+00,-1.789999999999999858e+01,-3.579999999999999716e+01,3.000000000000000000e+00
8.530425975623602048e+06,1.908032362870281562e+06,-8.000000000000000000e+00,-2.430000000000000071e+01,-4.050000000000000000e+01,3.000000000000000000e+00
8.074860575679262169e+06,1.461241940557273105e+06,-4.099999999999999645e+00,-1.619999999999999929e+01,-2.880000000000000071e+01,3.000000000000000000e+00
8.363744859070864506e+06,1.627665063513380475e+06,-3.000000000000000000e+00,-1.519999999999999929e+01,-3.050000000000000000e+01,3.000000000000000000e+00
8.180162121626855806e+06,1.606809532804036513e+06,-3.899999999999999911e+00,-1.610000000000000142e+01,-2.810000000000000142e+01,3.000000000000000000e+00
7.989796496851481497e+06,1.451354270484047011e+06,-4.299999999999999822e+00,-1.730000000000000071e+01,-3.010000000000000142e+01,3.000000000000000000e+00
8.068856052467889152e+06,1.318321409045190550e+06,-5.099999999999999645e+00,-1.860000000000000142e+01,-3.529999999999999716e+01,3.000000000000000000e+00
8.415561670487526804e+06,1.309436977606395259e+06,-2.799999999999999822e+00,-1.350000000000000000e+01,-2.350000000000000000e+01,1.000000000000000000e+00
8.428571470778832212e+06,1.381956709271389060e+06,-2.000000000000000000e+00,-1.630000000000000071e+01,-3.000000000000000000e+01,3.000000000000000000e+00
8.303477237208566628e+06,1.449991366140441038e+06,-4.299999999999999822e+00,-1.519999999999999929e+01,-2.669999999999999929e+01,3.000000000000000000e+00
8.091317417073395103e+06,1.300729174621855840e+06,-4.000000000000000000e+00,-1.839999999999999858e+01,-3.650000000000000000e+01,3.000000000000000000e+00
8.397436905979122967e+06,1.369292628163366579e+06,-3.000000000000000000e+00,-1.610000000000000142e+01,-3.160000000000000142e+01,3.000000000000000000e+00
8.706447461616251618e+06,1.421760789761794731e+06,-1.000000000000000000e+00,-1.330000000000000071e+01,-2.710000000000000142e+01,1.000000000000000000e+00
8.697885456296332181e+06,1.144497984970430844e+06,1.699999999999999956e+00,-1.119999999999999929e+01,-2.119999999999999929e+01,1.000000000000000000e+00
8.054178329062312841e+06,1.286681484673039056e+06,-5.500000000000000000e+00,-1.839999999999999858e+01,-3.900000000000000000e+01,3.000000000000000000e+00
8.698219040919184685e+06,1.144497984970430844e+06,1.000000000000000000e+00,-1.100000000000000000e+01,-2.110000000000000142e+01,1.000000000000000000e+00
7.780082963950573467e+06,1.133164941485796124e+06,-5.000000000000000000e+00,-1.680000000000000071e+01,-2.960000000000000142e+01,3.000000000000000000e+00
7.982902414645831101e+06,1.341329912009070627e+06,-5.599999999999999645e+00,-1.669999999999999929e+01,-2.919999999999999929e+01,3.000000000000000000e+00
8.302698873088574968e+06,1.241517786444843747e+06,-3.799999999999999822e+00,-1.500000000000000000e+01,-2.830000000000000071e+01,3.000000000000000000e+00
7.953991747331813909e+06,1.325368494799859822e+06,-5.500000000000000000e+00,-1.639999999999999858e+01,-3.160000000000000142e+01,3.000000000000000000e+00
8.418230347470358014e+06,1.550759801161804236e+06,-3.299999999999999822e+00,-1.630000000000000071e+01,-3.110000000000000142e+01,3.000000000000000000e+00
7.948543198491864838e+06,1.314632406253340654e+06,-4.500000000000000000e+00,-1.580000000000000071e+01,-2.800000000000000000e+01,3.000000000000000000e+00
7.833790088230073452e+06,1.207345262412115000e+06,-5.700000000000000178e+00,-1.710000000000000142e+01,-2.980000000000000071e+01,3.000000000000000000e+00
7.759511912207907066e+06,9.910381099243303761e+05,-5.000000000000000000e+00,-1.760000000000000142e+01,-2.900000000000000000e+01,3.000000000000000000e+00
8.104216022490417585e+06,1.387534914326464757e+06,-7.500000000000000000e+00,-1.800000000000000000e+01,-3.200000000000000000e+01,3.000000000000000000e+00
7.781750887064843439e+06,1.031502963267399929e+06,-4.000000000000000000e+00,-1.880000000000000071e+01,-3.700000000000000000e+01,3.000000000000000000e+00
7.685456125934309326e+06,1.053269360528551973e+06,-4.000000000000000000e+00,-1.760000000000000142e+01,-2.900000000000000000e+01,3.000000000000000000e+00
7.906733925760824233e+06,1.308934362360172905e+06,-4.099999999999999645e+00,-1.450000000000000000e+01,-2.630000000000000071e+01,3.000000000000000000e+00
8.155699249284226447e+06,1.425836472384993918e+06,-6.599999999999999645e+00,-1.650000000000000000e+01,-2.919999999999999929e+01,3.000000000000000000e+00
7.672446325643001124e+06,1.295040417443305254e+06,-4.200000000000000178e+00,-2.080000000000000071e+01,-3.660000000000000142e+01,3.000000000000000000e+00
7.671000792277299799e+06,1.705642437082316726e+06,-1.030000000000000071e+01,-2.660000000000000142e+01,-4.489999999999999858e+01,3.000000000000000000e+00
7.410471201828293502e+06,1.454762498166145757e+06,-5.700000000000000178e+00,-2.619999999999999929e+01,-4.500000000000000000e+01,3.000000000000000000e+00
7.653765586763174273e+06,1.550932214768133126e+06,-7.200000000000000178e+00,-2.319999999999999929e+01,-3.820000000000000284e+01,3.000000000000000000e+00
7.656545458620292135e+06,1.310442297089978121e+06,-4.599999999999999645e+00,-2.069999999999999929e+01,-3.639999999999999858e+01,3.000000000000000000e+00
7.542681907352778129e+06,1.275660212423115037e+06,-5.500000000000000000e+00,-2.080000000000000071e+01,-4.100000000000000000e+01,3.000000000000000000e+00
7.589050169929490425e+06,1.309101897480095737e+06,-6.000000000000000000e+00,-2.210000000000000142e+01,-3.600000000000000000e+01,3.000000000000000000e+00
7.658102186860277317e+06,1.290692750369269401e+06,-4.099999999999999645e+00,-2.130000000000000071e+01,-3.820000000000000284e+01,3.000000000000000000e+00
7.592830795655170456e+06,1.339480212273418903e+06,-5.799999999999999822e+00,-2.310000000000000142e+01,-3.939999999999999858e+01,3.000000000000000000e+00
7.500427855124600232e+06,1.380604970869159326e+06,-4.799999999999999822e+00,-2.380000000000000071e+01,-3.929999999999999716e+01,3.000000000000000000e+00
7.668888089665891603e+06,1.389395133886662312e+06,-6.900000000000000355e+00,-2.369999999999999929e+01,-4.350000000000000000e+01,3.000000000000000000e+00
7.557582020506925881e+06,1.367942910049502738e+06,-6.000000000000000000e+00,-2.260000000000000142e+01,-4.300000000000000000e+01,3.000000000000000000e+00
7.531673614798594266e+06,1.326375698095794767e+06,-4.700000000000000178e+00,-2.189999999999999858e+01,-3.800000000000000000e+01,3.000000000000000000e+00
7.635418432506202720e+06,1.334269588063204661e+06,-5.000000000000000000e+00,-2.210000000000000142e+01,-4.350000000000000000e+01,3.000000000000000000e+00
7.514883188781607896e+06,1.342675401273212396e+06,-3.000000000000000000e+00,-2.139999999999999858e+01,-3.800000000000000000e+01,3.000000000000000000e+00
7.660103694597401656e+06,1.848108894478186965e+06,-1.059999999999999964e+01,-2.939999999999999858e+01,-4.960000000000000142e+01,3.000000000000000000e+00
7.724485526808233000e+06,1.692828772406910546e+06,-1.009999999999999964e+01,-2.710000000000000142e+01,-4.370000000000000284e+01,3.000000000000000000e+00
7.681341915585775860e+06,1.289188304761338979e+06,-5.000000000000000000e+00,-2.219999999999999929e+01,-3.970000000000000284e+01,3.000000000000000000e+00
7.457506633650711738e+06,1.091246676283583045e+06,-3.000000000000000000e+00,-1.989999999999999858e+01,-3.800000000000000000e+01,3.000000000000000000e+00
7.269476101235317066e+06,1.226571307523383759e+06,-5.599999999999999645e+00,-2.310000000000000142e+01,-3.950000000000000000e+01,3.000000000000000000e+00
7.348090877354586497e+06,1.023395031748468056e+06,-4.000000000000000000e+00,-2.010000000000000142e+01,-3.700000000000000000e+01,3.000000000000000000e+00
7.328409384606198408e+06,1.044978743139984086e+06,-5.500000000000000000e+00,-2.050000000000000000e+01,-3.660000000000000142e+01,3.000000000000000000e+00
7.473629890421992168e+06,1.142197326606383547e+06,-3.700000000000000178e+00,-2.189999999999999858e+01,-3.829999999999999716e+01,3.000000000000000000e+00
6.771656649062799290e+06,1.027772381938166916e+06,-4.099999999999999645e+00,-1.769999999999999929e+01,-3.000000000000000000e+01,3.000000000000000000e+00
6.779106705639871769e+06,1.280501140878597274e+06,-4.599999999999999645e+00,-2.180000000000000071e+01,-3.410000000000000142e+01,3.000000000000000000e+00
7.230446700361394323e+06,1.548001668269762769e+06,-6.500000000000000000e+00,-2.480000000000000071e+01,-4.110000000000000142e+01,3.000000000000000000e+00
7.279594834795222618e+06,1.538355379934758879e+06,-1.050000000000000000e+01,-2.550000000000000000e+01,-4.239999999999999858e+01,3.000000000000000000e+00
7.375000036931479350e+06,2.255422156976114959e+06,-1.319999999999999929e+01,-2.919999999999999929e+01,-4.550000000000000000e+01,2.000000000000000000e+00
6.926995888438499533e+06,2.231010682305183262e+06,-1.159999999999999964e+01,-2.839999999999999858e+01,-4.210000000000000142e+01,2.000000000000000000e+00
7.374555257434340194e+06,2.255798307638693601e+06,-1.330000000000000071e+01,-2.919999999999999929e+01,-4.570000000000000284e+01,2.000000000000000000e+00
6.915987595884315670e+06,1.537494646296952851e+06,-5.700000000000000178e+00,-2.469999999999999929e+01,-3.920000000000000284e+01,3.000000000000000000e+00
6.917099544627161697e+06,1.536806123295379803e+06,-5.900000000000000355e+00,-2.460000000000000142e+01,-3.829999999999999716e+01,3.000000000000000000e+00
6.917877908747155219e+06,1.248834448219742626e+06,-5.000000000000000000e+00,-2.219999999999999929e+01,-3.650000000000000000e+01,3.000000000000000000e+00
6.918211493370008655e+06,1.248335386378912255e+06,-4.900000000000000355e+00,-2.189999999999999858e+01,-3.610000000000000142e+01,3.000000000000000000e+00
6.862614056227668189e+06,1.373511884085958824e+06,-5.500000000000000000e+00,-2.400000000000000000e+01,-4.400000000000000000e+01,3.000000000000000000e+00
6.885520200330313295e+06,3.197604679364885204e+06,-1.760000000000000142e+01,-3.139999999999999858e+01,-4.170000000000000284e+01,2.000000000000000000e+00
6.885520200330313295e+06,3.197604679364885204e+06,-1.780000000000000071e+01,-3.160000000000000142e+01,-4.200000000000000000e+01,2.000000000000000000e+00
7.959106711548909545e+06,3.116601873385174200e+06,-1.750000000000000000e+01,-3.010000000000000142e+01,-4.189999999999999858e+01,2.000000000000000000e+00
7.375778401051471010e+06,3.827817374733562581e+06,-2.669999999999999929e+01,-3.610000000000000142e+01,-4.450000000000000000e+01,2.000000000000000000e+00
7.452725254056471400e+06,3.078832782726216130e+06,-2.210000000000000142e+01,-3.429999999999999716e+01,-4.889999999999999858e+01,2.000000000000000000e+00
7.153166262733540498e+06,4.031251802632921375e+06,-2.330000000000000071e+01,-3.119999999999999929e+01,-3.729999999999999716e+01,2.000000000000000000e+00
8.138908823267238215e+06,2.455418118901528418e+06,-1.500000000000000000e+01,-2.860000000000000142e+01,-4.350000000000000000e+01,2.000000000000000000e+00
8.139464797638663091e+06,2.454453549864307977e+06,-1.369999999999999929e+01,-2.880000000000000071e+01,-4.329999999999999716e+01,2.000000000000000000e+00
8.037610292793895118e+06,1.028096717192008160e+06,-1.000000000000000000e+00,-1.789999999999999858e+01,-3.400000000000000000e+01,3.000000000000000000e+00
8.358185115356630646e+06,1.206683061858436093e+06,-2.799999999999999822e+00,-1.569999999999999929e+01,-3.080000000000000071e+01,3.000000000000000000e+00
8.257442559254708700e+06,1.178256525030973367e+06,-2.500000000000000000e+00,-1.689999999999999858e+01,-3.510000000000000142e+01,3.000000000000000000e+00
8.365412782185134478e+06,9.824834787308443338e+05,5.000000000000000000e-01,-1.459999999999999964e+01,-2.889999999999999858e+01,1.000000000000000000e+00
8.191281609055323526e+06,1.237861796593441628e+06,-2.799999999999999822e+00,-1.660000000000000142e+01,-3.160000000000000142e+01,3.000000000000000000e+00
8.287909954808711074e+06,1.076394626290153712e+06,-9.000000000000000222e-01,-1.540000000000000036e+01,-3.050000000000000000e+01,3.000000000000000000e+00
8.227308748323559761e+06,1.007525224584441632e+06,-1.300000000000000044e+00,-1.610000000000000142e+01,-3.169999999999999929e+01,3.000000000000000000e+00
7.970003809228808619e+06,1.143183248144165613e+06,-2.100000000000000089e+00,-1.900000000000000000e+01,-3.570000000000000284e+01,3.000000000000000000e+00
8.168709049575532787e+06,8.924387336379429325e+05,5.000000000000000000e-01,-1.469999999999999929e+01,-2.880000000000000071e+01,1.000000000000000000e+00
8.160703018627037294e+06,9.005868486552899703e+05,4.000000000000000222e-01,-1.480000000000000071e+01,-2.719999999999999929e+01,1.000000000000000000e+00
8.345175315065322444e+06,8.495846032034568489e+05,1.399999999999999911e+00,-1.159999999999999964e+01,-2.389999999999999858e+01,1.000000000000000000e+00
8.180273316501139663e+06,8.866916234020851552e+05,-1.259999999999999964e+01,-1.450000000000000000e+01,-1.630000000000000071e+01,3.000000000000000000e+00
8.178383003638300113e+06,8.876492168357409537e+05,-3.500000000000000000e+00,-1.290000000000000036e+01,-2.030000000000000071e+01,1.000000000000000000e+00
8.139242407890092582e+06,7.095576780303483829e+05,2.799999999999999822e+00,-1.050000000000000000e+01,-2.630000000000000071e+01,1.000000000000000000e+00
8.098656278776184656e+06,1.001864390521287918e+06,-1.600000000000000089e+00,-1.700000000000000000e+01,-3.410000000000000142e+01,3.000000000000000000e+00
8.128456505084479228e+06,9.060230868434784934e+05,0.000000000000000000e+00,-1.390000000000000036e+01,-2.900000000000000000e+01,1.000000000000000000e+00
8.321268417094115168e+06,8.645362058324292302e+05,-4.000000000000000222e-01,-1.440000000000000036e+01,-2.750000000000000000e+01,1.000000000000000000e+00
8.395880177739137784e+06,1.241019150552473031e+06,-2.600000000000000089e+00,-1.280000000000000071e+01,-2.260000000000000142e+01,1.000000000000000000e+00
8.375309125996471383e+06,9.313294763184934855e+05,5.999999999999999778e-01,-1.359999999999999964e+01,-2.530000000000000071e+01,1.000000000000000000e+00
8.217412404512223788e+06,8.348166906527960673e+05,1.500000000000000000e+00,-1.280000000000000071e+01,-2.900000000000000000e+01,1.000000000000000000e+00
8.178494198512585834e+06,7.662201873232899234e+05,4.200000000000000178e+00,-1.030000000000000071e+01,-2.189999999999999858e+01,1.000000000000000000e+00
8.273121036528849043e+06,1.146799255292522721e+06,-1.199999999999999956e+00,-1.669999999999999929e+01,-3.520000000000000284e+01,3.000000000000000000e+00
8.240652133237722330e+06,8.045632081530662253e+05,2.000000000000000000e+00,-1.380000000000000071e+01,-2.850000000000000000e+01,1.000000000000000000e+00
8.089093519587702118e+06,7.878173077624952421e+05,5.999999999999999778e-01,-1.430000000000000071e+01,-3.089999999999999858e+01,1.000000000000000000e+00
8.182274824238264002e+06,1.149594478345352225e+06,-7.000000000000000000e+00,-1.760000000000000142e+01,-3.200000000000000000e+01,3.000000000000000000e+00
8.055623862428012304e+06,9.406373613853296265e+05,-2.000000000000000000e+00,-1.540000000000000036e+01,-3.000000000000000000e+01,3.000000000000000000e+00
8.056847006045143120e+06,9.377476578824268654e+05,-1.500000000000000000e+00,-1.590000000000000036e+01,-3.139999999999999858e+01,3.000000000000000000e+00
8.024711687376871705e+06,1.100726067100621760e+06,-2.799999999999999822e+00,-1.730000000000000071e+01,-3.119999999999999929e+01,3.000000000000000000e+00
8.287131590688719414e+06,5.143538247850788757e+05,7.900000000000000355e+00,-5.599999999999999645e+00,-1.780000000000000071e+01,1.000000000000000000e+00
8.636172301068333909e+06,7.260018308207374066e+05,7.400000000000000355e+00,-6.400000000000000355e+00,-2.050000000000000000e+01,1.000000000000000000e+00
8.189836075689624064e+06,6.431454887294368818e+05,4.400000000000000355e+00,-6.299999999999999822e+00,-1.710000000000000142e+01,1.000000000000000000e+00
8.597254095068695024e+06,8.761649017738616094e+05,5.200000000000000178e+00,-1.040000000000000036e+01,-2.289999999999999858e+01,1.000000000000000000e+00
8.790288396826900542e+06,1.017238021142792888e+06,9.400000000000000355e+00,-9.500000000000000000e+00,-2.180000000000000071e+01,1.000000000000000000e+00
8.671532271090861410e+06,8.322784357037553564e+05,6.200000000000000178e+00,-1.140000000000000036e+01,-2.969999999999999929e+01,1.000000000000000000e+00
8.510077313629504293e+06,8.205483752159234136e+05,2.500000000000000000e+00,-1.250000000000000000e+01,-2.939999999999999858e+01,1.000000000000000000e+00
8.823646859112307429e+06,9.007466904511814937e+05,9.199999999999999289e+00,-8.099999999999999645e+00,-2.169999999999999929e+01,1.000000000000000000e+00
8.348844745916716754e+06,7.520604645808730274e+05,2.899999999999999911e+00,-1.030000000000000071e+01,-2.169999999999999929e+01,1.000000000000000000e+00
8.505407128909548745e+06,7.360396243485342711e+05,5.500000000000000000e+00,-1.000000000000000000e+01,-2.169999999999999929e+01,1.000000000000000000e+00
8.786285381352651864e+06,8.099411676339786500e+05,8.800000000000000711e+00,-6.099999999999999645e+00,-2.010000000000000142e+01,1.000000000000000000e+00
8.850444823814913630e+06,1.020153960379301570e+06,9.400000000000000355e+00,-8.900000000000000355e+00,-2.319999999999999929e+01,1.000000000000000000e+00
8.317043011871297844e+06,6.613372043690904975e+05,4.500000000000000000e+00,-1.009999999999999964e+01,-2.230000000000000071e+01,1.000000000000000000e+00
8.397103321356268600e+06,7.652755126837808639e+05,5.099999999999999645e+00,-1.009999999999999964e+01,-2.069999999999999929e+01,1.000000000000000000e+00
8.508298195640949532e+06,7.103400557349864393e+05,6.000000000000000000e+00,-8.699999999999999289e+00,-2.200000000000000000e+01,1.000000000000000000e+00
8.584577879400242120e+06,8.588070951010184363e+05,5.000000000000000000e+00,-1.080000000000000071e+01,-2.400000000000000000e+01,1.000000000000000000e+00
8.424012480933161452e+06,8.750491621693577617e+05,1.800000000000000044e+00,-1.290000000000000036e+01,-2.719999999999999929e+01,1.000000000000000000e+00
8.555889601834792644e+06,7.914481974889384583e+05,5.799999999999999822e+00,-1.119999999999999929e+01,-2.980000000000000071e+01,1.000000000000000000e+00
8.412225824258986861e+06,8.199147560606235638e+05,2.600000000000000089e+00,-1.190000000000000036e+01,-2.680000000000000071e+01,1.000000000000000000e+00
8.469379989641312510e+06,7.181675540853152052e+05,4.500000000000000000e+00,-9.900000000000000355e+00,-2.500000000000000000e+01,1.000000000000000000e+00
8.743475354753050953e+06,8.586480057304240763e+05,6.400000000000000355e+00,-9.800000000000000711e+00,-2.430000000000000071e+01,1.000000000000000000e+00
8.894589188905932009e+06,5.883234341905973852e+05,1.090000000000000036e+01,-1.199999999999999956e+00,-1.269999999999999929e+01,1.000000000000000000e+00
8.900037737745881081e+06,5.904853196713030338e+05,8.800000000000000711e+00,-1.199999999999999956e+00,-1.180000000000000071e+01,1.000000000000000000e+00
8.461929933064237237e+06,7.076802472706502303e+05,5.000000000000000000e+00,-7.500000000000000000e+00,-2.100000000000000000e+01,1.000000000000000000e+00
8.879577880877500400e+06,1.112999254293359816e+06,4.700000000000000178e+00,-7.599999999999999645e+00,-2.080000000000000071e+01,1.000000000000000000e+00
8.504962349412409589e+06,6.967363144383728504e+05,5.799999999999999822e+00,-7.799999999999999822e+00,-2.019999999999999929e+01,1.000000000000000000e+00
8.890252588808828965e+06,9.391923914608275518e+05,8.500000000000000000e+00,-8.300000000000000711e+00,-2.150000000000000000e+01,1.000000000000000000e+00
8.890919758054537699e+06,9.395134754595449194e+05,8.400000000000000355e+00,-8.099999999999999645e+00,-2.100000000000000000e+01,1.000000000000000000e+00
8.536096914212118834e+06,8.627852531385933980e+05,5.500000000000000000e+00,-1.240000000000000036e+01,-2.850000000000000000e+01,1.000000000000000000e+00
8.708782553976228461e+06,8.508561038940185681e+05,9.699999999999999289e+00,-9.300000000000000711e+00,-2.269999999999999929e+01,1.000000000000000000e+00
8.378533777350726537e+06,7.625994728883830830e+05,5.000000000000000000e+00,-9.400000000000000355e+00,-2.300000000000000000e+01,1.000000000000000000e+00
8.376977049110741355e+06,5.972831337532680482e+05,4.000000000000000000e+00,-7.500000000000000000e+00,-1.960000000000000142e+01,1.000000000000000000e+00
8.218635548129356466e+06,5.727420294379023835e+05,4.700000000000000178e+00,-7.299999999999999822e+00,-1.689999999999999858e+01,1.000000000000000000e+00
8.218635548129356466e+06,5.721254873685957864e+05,4.799999999999999822e+00,-7.400000000000000355e+00,-1.700000000000000000e+01,1.000000000000000000e+00
8.606483269634323195e+06,9.241145874645318836e+05,3.500000000000000000e+00,-1.069999999999999929e+01,-2.200000000000000000e+01,1.000000000000000000e+00
8.548773129880573601e+06,9.597653512127641588e+05,2.799999999999999822e+00,-1.259999999999999964e+01,-2.530000000000000071e+01,1.000000000000000000e+00
8.674534532696548849e+06,9.873247001253329217e+05,3.799999999999999822e+00,-1.050000000000000000e+01,-2.230000000000000071e+01,1.000000000000000000e+00
8.524977426783652976e+06,9.534919440974788740e+05,2.500000000000000000e+00,-1.140000000000000036e+01,-2.300000000000000000e+01,1.000000000000000000e+00
8.523087113920813426e+06,9.790962090417901054e+05,-1.500000000000000000e+00,-1.380000000000000071e+01,-2.850000000000000000e+01,1.000000000000000000e+00
8.450921640510054305e+06,1.084388734508603811e+06,0.000000000000000000e+00,-1.280000000000000071e+01,-2.250000000000000000e+01,1.000000000000000000e+00
8.609151946617156267e+06,9.857106634061299264e+05,3.100000000000000089e+00,-1.169999999999999929e+01,-2.310000000000000142e+01,1.000000000000000000e+00
8.468824015269888565e+06,9.842582837058417499e+05,1.399999999999999911e+00,-1.359999999999999964e+01,-2.800000000000000000e+01,1.000000000000000000e+00
8.543102191292054951e+06,9.686200601149657741e+05,2.399999999999999911e+00,-1.280000000000000071e+01,-2.369999999999999929e+01,1.000000000000000000e+00
9.563537552602574229e+06,1.122994260895600542e+06,8.500000000000000000e+00,-3.200000000000000178e+00,-1.219999999999999929e+01,1.000000000000000000e+00
9.332919383336145431e+06,1.401750611687913537e+06,8.000000000000000000e+00,-1.100000000000000000e+01,-2.939999999999999858e+01,1.000000000000000000e+00
9.362608414770156145e+06,1.236698853955113329e+06,7.000000000000000000e+00,-4.799999999999999822e+00,-1.200000000000000000e+01,1.000000000000000000e+00
9.661277847098808736e+06,1.351089544030885212e+06,5.599999999999999645e+00,-5.099999999999999645e+00,-1.369999999999999929e+01,1.000000000000000000e+00
9.566317424459690228e+06,1.055871961526620202e+06,8.000000000000000000e+00,-3.399999999999999911e+00,-1.600000000000000000e+01,1.000000000000000000e+00
9.660721872727384791e+06,1.245175336363048293e+06,8.000000000000000000e+00,-3.600000000000000089e+00,-1.250000000000000000e+01,1.000000000000000000e+00
9.160567328194890171e+06,1.176111815012763254e+06,6.700000000000000178e+00,-6.700000000000000178e+00,-1.850000000000000000e+01,1.000000000000000000e+00
9.192146672491738573e+06,1.267320219189263880e+06,5.000000000000000000e+00,-7.000000000000000000e+00,-1.600000000000000000e+01,1.000000000000000000e+00
9.665503252321626991e+06,1.019667903100258671e+06,7.900000000000000355e+00,-3.299999999999999822e+00,-1.569999999999999929e+01,1.000000000000000000e+00
9.184696615914665163e+06,1.461241940557273105e+06,4.500000000000000000e+00,-1.159999999999999964e+01,-3.150000000000000000e+01,1.000000000000000000e+00
9.185474980034658685e+06,1.462094870845878497e+06,4.299999999999999822e+00,-1.169999999999999929e+01,-2.969999999999999929e+01,1.000000000000000000e+00
9.127208865909485146e+06,1.395993757979321294e+06,8.000000000000000000e+00,-1.019999999999999929e+01,-2.419999999999999929e+01,1.000000000000000000e+00
9.123539435058090836e+06,1.398871694464498200e+06,8.500000000000000000e+00,-8.900000000000000355e+00,-2.600000000000000000e+01,1.000000000000000000e+00
9.141441809817925096e+06,1.563355378258774988e+06,8.000000000000000000e+00,-8.599999999999999645e+00,-2.900000000000000000e+01,1.000000000000000000e+00
9.164570343669136986e+06,1.619490395070461556e+06,6.500000000000000000e+00,-1.030000000000000071e+01,-2.810000000000000142e+01,1.000000000000000000e+00
9.181027185063272715e+06,1.435694185063065961e+06,1.150000000000000000e+01,-9.900000000000000355e+00,-3.000000000000000000e+01,1.000000000000000000e+00
9.185363785160372034e+06,1.442839739227267914e+06,6.599999999999999645e+00,-1.209999999999999964e+01,-3.470000000000000284e+01,1.000000000000000000e+00
9.327804419119050726e+06,1.704237226423446089e+06,3.299999999999999822e+00,-1.130000000000000071e+01,-2.480000000000000071e+01,1.000000000000000000e+00
9.218055078200070187e+06,1.756390703904903494e+06,1.300000000000000044e+00,-1.209999999999999964e+01,-2.430000000000000071e+01,1.000000000000000000e+00
9.499600499888882041e+06,1.396670831321504898e+06,7.500000000000000000e+00,-8.199999999999999289e+00,-1.960000000000000142e+01,1.000000000000000000e+00
9.499711694763166830e+06,1.398194444740210660e+06,7.400000000000000355e+00,-8.300000000000000711e+00,-1.969999999999999929e+01,1.000000000000000000e+00
9.358938983918761835e+06,1.151403633663716726e+06,7.000000000000000000e+00,-5.400000000000000355e+00,-1.700000000000000000e+01,1.000000000000000000e+00
9.377397333050018176e+06,1.564218786311814561e+06,5.099999999999999645e+00,-1.030000000000000071e+01,-2.289999999999999858e+01,1.000000000000000000e+00
9.573656286162480712e+06,1.297884321588568389e+06,9.000000000000000000e+00,-5.200000000000000178e+00,-2.300000000000000000e+01,1.000000000000000000e+00
9.331140265347590670e+06,1.523906818843286484e+06,2.000000000000000000e+00,-1.119999999999999929e+01,-2.650000000000000000e+01,1.000000000000000000e+00
9.279879428302353248e+06,1.376382179443832487e+06,7.599999999999999645e+00,-1.069999999999999929e+01,-2.739999999999999858e+01,1.000000000000000000e+00
9.242184365919845179e+06,1.765233232123663649e+06,3.500000000000000000e+00,-1.250000000000000000e+01,-2.900000000000000000e+01,1.000000000000000000e+00
9.407086364484027028e+06,1.463971622371588834e+06,8.500000000000000000e+00,-8.199999999999999289e+00,-2.200000000000000000e+01,1.000000000000000000e+00
8.989549611545050517e+06,1.169021570550838485e+06,5.900000000000000355e+00,-7.400000000000000355e+00,-1.769999999999999929e+01,1.000000000000000000e+00
9.363164389141578227e+06,1.135134840184967965e+06,7.500000000000000000e+00,-5.299999999999999822e+00,-1.490000000000000036e+01,1.000000000000000000e+00
9.332696993587575853e+06,1.822943852239029482e+06,2.600000000000000089e+00,-1.250000000000000000e+01,-2.439999999999999858e+01,1.000000000000000000e+00
9.329249952484751120e+06,1.821340208717790432e+06,2.799999999999999822e+00,-1.509999999999999964e+01,-2.850000000000000000e+01,1.000000000000000000e+00
9.701419196715578437e+06,1.176441735687570646e+06,7.700000000000000178e+00,-4.700000000000000178e+00,-1.340000000000000036e+01,1.000000000000000000e+00
9.698083350487038493e+06,1.158973297409057617e+06,7.400000000000000355e+00,-4.500000000000000000e+00,-1.450000000000000000e+01,1.000000000000000000e+00
9.408976677346866578e+06,1.061405067074450664e+06,7.599999999999999645e+00,-4.599999999999999645e+00,-1.660000000000000142e+01,1.000000000000000000e+00
9.242184365919845179e+06,1.538355379934758879e+06,4.500000000000000000e+00,-9.500000000000000000e+00,-2.800000000000000000e+01,1.000000000000000000e+00
9.056822510487282649e+06,1.329901849437902682e+06,7.599999999999999645e+00,-8.599999999999999645e+00,-2.519999999999999929e+01,1.000000000000000000e+00
9.055043392498726025e+06,1.333261449136998504e+06,8.099999999999999645e+00,-9.000000000000000000e+00,-2.530000000000000071e+01,1.000000000000000000e+00
9.565650255213985220e+06,1.332589422953470610e+06,7.700000000000000178e+00,-7.299999999999999822e+00,-2.050000000000000000e+01,1.000000000000000000e+00
9.473803289054837078e+06,1.523906818843286484e+06,7.500000000000000000e+00,-8.000000000000000000e+00,-1.789999999999999858e+01,1.000000000000000000e+00
9.415092395432524383e+06,1.097129219118385576e+06,5.000000000000000000e+00,-5.000000000000000000e+00,-1.500000000000000000e+01,1.000000000000000000e+00
8.972536795779494569e+06,1.191797008011656813e+06,8.699999999999999289e+00,-7.200000000000000178e+00,-2.000000000000000000e+01,1.000000000000000000e+00
9.680736950098628178e+06,1.268153852448018268e+06,7.500000000000000000e+00,-4.000000000000000000e+00,-1.159999999999999964e+01,1.000000000000000000e+00
9.609349840807862580e+06,1.426346071313172579e+06,5.099999999999999645e+00,-7.200000000000000178e+00,-1.839999999999999858e+01,1.000000000000000000e+00
9.497710187026042491e+06,1.128570252635129727e+06,6.099999999999999645e+00,-4.299999999999999822e+00,-1.519999999999999929e+01,1.000000000000000000e+00
8.432463291378796101e+06,3.526504615671184845e+06,-1.580000000000000071e+01,-2.769999999999999929e+01,-3.550000000000000000e+01,2.000000000000000000e+00
8.731466308330304921e+06,2.918753506018523127e+06,-1.209999999999999964e+01,-2.489999999999999858e+01,-3.520000000000000284e+01,2.000000000000000000e+00
9.225282745028574020e+06,2.246587767606780864e+06,2.000000000000000000e+00,-1.919999999999999929e+01,-2.989999999999999858e+01,3.000000000000000000e+00
8.439023788961594924e+06,2.219207551055452786e+06,-1.130000000000000071e+01,-2.660000000000000142e+01,-4.220000000000000284e+01,2.000000000000000000e+00
8.849221680197782815e+06,2.173472861558663659e+06,-4.200000000000000178e+00,-2.200000000000000000e+01,-3.629999999999999716e+01,3.000000000000000000e+00
8.871460655054718256e+06,2.580861688564619981e+06,-2.799999999999999822e+00,-2.189999999999999858e+01,-3.329999999999999716e+01,3.000000000000000000e+00
9.357271060804490000e+06,1.986929218584639020e+06,2.500000000000000000e+00,-1.680000000000000071e+01,-3.100000000000000000e+01,3.000000000000000000e+00
8.708448969353375956e+06,2.799613569636317901e+06,-6.500000000000000000e+00,-2.269999999999999929e+01,-3.339999999999999858e+01,2.000000000000000000e+00
8.708448969353375956e+06,2.799613569636317901e+06,-6.799999999999999822e+00,-2.260000000000000142e+01,-3.350000000000000000e+01,2.000000000000000000e+00
8.708560164227660745e+06,2.799815301336106844e+06,-7.500000000000000000e+00,-1.919999999999999929e+01,nan,3.000000000000000000e+00
8.608039997874308378e+06,3.168105398015675135e+06,-1.350000000000000000e+01,-2.439999999999999858e+01,-3.229999999999999716e+01,2.000000000000000000e+00
9.078171926349939778e+06,2.438266601429536007e+06,-5.799999999999999822e+00,-2.280000000000000071e+01,-3.250000000000000000e+01,3.000000000000000000e+00
8.132237130810158327e+06,2.100471400033450685e+06,-1.359999999999999964e+01,-2.769999999999999929e+01,-4.679999999999999716e+01,2.000000000000000000e+00
